code,sub-code,quantity,allow-overdraft,stock-close
nylonsling1t1m5set,,0,0,0
nylonsling1t1m10set,,0,0,0
nylonsling1t2m5set,,111,0,0
nylonsling1t2m10set,,55,0,0
nylonsling1t3m5set,,71,0,0
nylonsling1t3m10set,,35,0,0
nylonsling1t5m5set,,80,0,0
nylonsling1t5m10set,,40,0,0
nylonsling1t6m5set,,7,0,0
nylonsling1t6m10set,,3,0,0
nylonsling1t10m5set,,0,0,0
nylonsling1t10m10set,,0,0,0
nylonsling2t1m5set,,39,0,0
nylonsling2t1m10set,,19,0,0
nylonsling2t2m5set,,35,0,0
nylonsling2t2m10set,,17,0,0
nylonsling2t3m5set,,9,0,0
nylonsling2t3m10set,,4,0,0
nylonsling2t4m5set,,1,0,0
nylonsling2t4m10set,,0,0,0
nylonsling2t5m5set,,13,0,0
nylonsling2t5m10set,,6,0,0
nylonsling2t6m5set,,38,0,0
nylonsling2t6m10set,,19,0,0
nylonsling2t10m4set,,0,0,0
nylonsling2t10m2set,,0,0,0
nylonsling3t3m5set,,31,0,0
nylonsling3t3m10set,,15,0,0
nylonsling3t5m5set,,28,0,0
nylonsling3t5m10set,,14,0,0
nylonsling3t8m4set,,4,0,0
nylonsling3t8m2set,,9,0,0
nylonsling3t10m4set,,3,0,0
nylonsling3t10m2set,,7,0,0
nylonsling3t12m4set,,3,0,0
nylonsling3t12m2set,,6,0,0
nylonsling5t5m4set,,1,0,0
nylonsling5t5m2set,,3,0,0
nylonsling5t10m4set,,9,0,0
nylonsling5t10m2set,,19,0,0
LT-A1240-4set,,2,0,0
LT-A1240-2set,,4,0,0
LT-A1240-10set,,0,0,0
LT-A1238-4set,,3,0,0
LT-A1238-2set,,6,0,0
LT-A1238-10set,,1,0,0
LT-A1237-4set,,0,0,0
LT-A1237-2set,,0,0,0
LT-A1237-10set,,0,0,0
tip-saw-40t-b-50set,,15,0,0
tip-saw-40t-b,,77,0,0
tip-saw-40t-b-100set,,7,0,0
tip-saw-36t-b-50set,,13,0,0
tip-saw-36t-b,,66,0,0
tip-saw-36t-b-100set,,6,0,0
mw-saw-255-40t-5set,,0,0,0
cs-001-10,,2,0,0
mw-saw-230-36t-5set,,15,0,0
cs-002-10,,75,0,0
Dia-saw125-05,,0,0,0
Dia-saw125-05-s,,0,0,0
Dia-saw125-02,,0,0,0
Dia-saw125-02-s,,0,0,0
Dia-saw150-05,,0,0,0
Dia-saw150-05-s,,0,0,0
Dia-saw150-02,,0,0,0
Dia-saw150-02-s,,0,0,0
Dia-saw180-05,,0,0,0
Dia-saw180-05-s,,0,0,0
Dia-saw180-02,,0,0,0
Dia-saw180-02-s,,0,0,0
Dia-saw200-05,,0,0,0
Dia-saw200-05-s,,0,0,0
Dia-saw200-02,,0,0,0
Dia-saw200-02-s,,0,0,0
Dia-saw230-05,,0,0,0
Dia-saw230-05-s,,0,0,0
Dia-saw230-02,,0,0,0
Dia-saw230-02-s,,0,0,0
Dia-saw250-05,,0,0,0
Dia-saw250-05-s,,0,0,0
Dia-saw250-02,,0,0,0
Dia-saw250-02-s,,0,0,0
bim-500-2-s,,0,0,0
BIM-500-2,,0,0,0
income-v4-4set,,0,0,0
income-v4-4set-s,,0,0,0
income-v4-3set,,0,0,0
income-v4-3set-s,,0,0,0
income-v4-2set,,0,0,0
income-v4-2set-s,,0,0,0
income-v8-5k-r,,0,0,0
income-v8-5k,,0,0,0
income-v8-4k-r,,0,0,0
income-v8-4k,,0,0,0
income-v8-3k-r,,0,0,0
income-v8-3k,,0,0,0
income-v8-2k-r,,0,0,0
income-v8-2k,,0,0,0
bw-1005-04-150,,105,0,0
bw-1005-04-100,,158,0,0
bw-0005-12-150,,57,0,0
bw-0005-12-100,,85,0,0
ns-123,spacer-a-01,49,0,0
ns-123,spacer-a-02,18,0,0
ns-123,spacer-a-03,15,0,0
ns-456,spacer-a-04,82,0,0
ns-456,spacer-a-05,15,0,0
ns-456,spacer-a-06,44,0,0
ns-78910,spacer-a-07,27,0,0
ns-78910,spacer-a-08,22,0,0
ns-78910,spacer-a-09,19,0,0
ns-78910,spacer-a-10,24,0,0
ns-11121314,spacer-a-11,45,0,0
ns-11121314,spacer-a-12,15,0,0
ns-11121314,spacer-a-13,31,0,0
ns-11121314,spacer-a-14,36,0,0
ns-1516,spacer-a-15,0,0,0
ns-1516,spacer-a-16,72,0,0
ns-171819,spacer-a-17,11,0,0
ns-171819,spacer-a-18,19,0,0
ns-171819,spacer-a-19,30,0,0
ns-202122,spacer-a-20,34,0,0
ns-202122,spacer-a-21,17,0,0
ns-202122,spacer-a-22,36,0,0
ns-2324,spacer-a-23,35,0,0
ns-2324,spacer-a-24,34,0,0
ns-2526,spacer-a-25,0,0,0
ns-2526,spacer-a-26,12,0,0
ns-2728,spacer-a-27,33,0,0
ns-2728,spacer-a-28,20,0,0
ns-2930,spacer-a-29,23,0,0
ns-2930,spacer-a-30,13,0,0
ns-3132,spacer-a-31,47,0,0
ns-3132,spacer-a-32,49,0,0
ns-33343536,spacer-a-33,103,0,0
ns-33343536,spacer-a-34,65,0,0
ns-33343536,spacer-a-35,58,0,0
ns-33343536,spacer-a-36,76,0,0
ns-4041,spacer-a-40,12,0,0
ns-4041,spacer-a-41,14,0,0
ns-42434445,spacer-a-42,39,0,0
ns-42434445,spacer-a-43,32,0,0
ns-42434445,spacer-a-44,29,0,0
ns-42434445,spacer-a-45,41,0,0
ns-4748,spacer-a-47,0,0,0
ns-4748,spacer-a-48,28,0,0
ns-4950,spacer-a-49,62,0,0
ns-4950,spacer-a-50,23,0,0
ns-5455,spacer-a-54,29,0,0
ns-5455,spacer-a-55,16,0,0
ns-6263,spacer-a-62,35,0,0
ns-6263,spacer-a-63,49,0,0
ns-6465,spacer-a-64,0,0,0
ns-6465,spacer-a-65,16,0,0
ns-6667,spacer-a-66,21,0,0
ns-6667,spacer-a-67,21,0,0
ns-6869,spacer-a-68,0,0,0
ns-6869,spacer-a-69,0,0,0
ns-7071,spacer-a-70,43,0,0
ns-7071,spacer-a-71,14,0,0
ns-7475,spacer-a-74,19,0,0
ns-7475,spacer-a-75,14,0,0
ns-7778,spacer-a-77,0,0,0
ns-7778,spacer-a-78,20,0,0
ns-7980,spacer-a-79,10,0,0
ns-7980,spacer-a-80,2,0,0
spacer-a-81,,3,0,0
spacer-a-82,,11,0,0
spacer-a-83,,23,0,0
spacer-a-84,,1,0,0
spacer-a-85,,82,0,0
j1085280,,0,0,0
j1085350,,0,0,0
j1085420,,24,0,0
j1085590,,0,0,0
j1085660,,35,0,0
j1085730,,1,0,0
j1085800,,0,0,0
j1085970,,31,0,0
j1086030,,17,0,0
j1086100,,19,0,0
j1086270,,29,0,0
j1086340,,0,0,0
j1086410,,26,0,0
j1086580,,5,0,0
j1086650,,0,0,0
j1086720,,19,0,0
j1086890,,0,0,0
j1086960,,23,0,0
j1087020,,8,0,0
j1087190,,0,0,0
j1087260,,36,0,0
j1087330,,0,0,0
j1087400,,34,0,0
j1087570,,14,0,0
j1087640,,20,0,0
j1087710,,39,0,0
10kk,,0,0,0
1222-12,,0,0,0
12t-pypebender,,85,0,0
27001SWKL,,0,0,0
27027SWL,,17,0,0
27037SWL,,0,0,0
27047SWL,,0,0,0
27071SWL,,0,0,0
27091SWL,,0,0,0
2fold-table,,0,0,0
2hp-outboad-new,,0,0,0
2hp-outboard,,0,0,0
2tenginecrane001,,45,0,0
34unf-16,,0,0,0
60543SWL,,0,0,0
8kg-2ko,,0,0,0
9122-96,,0,0,0
AB-10,,57,0,0
ac-cluch-rmv-,,0,0,0
ac-clutch-rmv-,,0,0,0
ag-52hood,,40,0,0
ag-60hood,,0,0,0
ag-biketm-52,ag-biketm-52-b,0,0,0
ag-biketm-52,ag-biketm-52-w,0,0,0
air-001,,0,0,0
air-002,,0,0,0
air-jack-10t,,0,0,0
alm-ladder80c-2ko,,0,0,0
alm-ladder85-2ko,,7,0,0
alm-ldr3ori,,0,0,0
alphonse-10t,,16,0,0
alphonse-4t,,43,0,0
aluminium-chipsaw,,0,0,0
arumi1230kougubako,,84,0,0
arumi760kougubako,,79,0,0
arumirada-,,14,0,0
arumirada-14kg,,131,0,0
arumirada-7kg,,303,0,0
arumirada-80,,156,0,0
arumirada-8kg-C,,0,0,0
ATV2000,,1,0,0
b105-500w,,0,0,0
B-2011,,37,0,0
b-2012-c,,0,0,0
B-2016,,61,0,0
B26,,19,0,0
B35-200w,,7,0,0
b-6007,,0,0,0
b-7006,,16,0,0
b9001,,54,0,0
b-9001,,54,0,0
balljoint-srt-b,,0,0,0
balljoint-srt-c,,0,0,0
balljoint-srt-rm,,0,0,0
bankinset,,0,0,0
battery-h-charger,,3,0,0
battery-m070,,0,0,0
battery-m-charger,,0,0,0
battery-n-charger,,1,0,0
bb-fuel-b-set-,,5,0,0
bb-sens,,0,0,0
bc-honing0527,,97,0,0
bc-honing1077,,49,0,0
bearing-sp-1,,49,0,0
bearing-sp-2,,48,0,0
bearing-sp-3,,17,0,0
beat-breaker,,81,0,0
belt-te-gauge,,48,0,0
belttype-handwinch,,0,0,0
bikecover-2l-,,0,0,0
bikecover-3l-,,0,0,0
bikecover-4l-,,39,0,0
bikecover-5l-,,0,0,0
bikecover-6l-,,0,0,0
Bikecover-l-,,0,0,0
Bikecover-m-,,0,0,0
bikecover-s-,,0,0,0
bikedolly,,0,0,0
bikeJackiestand8,,0,0,0
bikestand-1106,,0,0,0
bikestand-a,,0,0,0
bikestand-b,,0,0,0
bike-stand-d,,0,0,0
BIM-500,,0,0,0
bk-calp-pistn,,38,0,0
BL0802ZB,,34,0,0
bl1013-108,,0,0,0
bl1430-144,,0,0,0
bl1830-18,,277,0,0
bls1430-144,,277,0,0
boat-cover-1416,,0,0,0
boat-cover-1719,,0,0,0
boat-cover-2022,,0,0,0
boatwinch2000,,0,0,0
boatwinch3000,,94,0,0
bottlejack20t,,8,0,0
bottlejack5t,,0,0,0
bp-001,,41,0,0
bw-0005-12-050,,171,0,0
bw-1005-04-050,,317,0,0
C1067150,,96,0,0
cattoilet,cattoilet-c,0,0,0
cattoilet,cattoilet-p,0,0,0
cattoilet,cattoilet-b,0,0,0
cattower-1,,0,0,0
cattower-2,,0,0,0
cattower-6,,0,0,0
catwatercup,catwatercup-p,2,0,0
catwatercup,catwatercup-b,0,0,0
cb-1201-r,,0,0,0
cc-3d,cc-3d-c,0,0,0
cc-3d,cc-3d-p,0,0,0
cc-3d,cc-3d-b,0,0,0
cc-3sd,cc-3sd-c,0,0,0
cc-3sd,cc-3sd-p,0,0,0
cc-3sd,cc-3sd-b,0,0,0
cc-4d,cc-4d-c,0,0,0
cc-4d,cc-4d-p,0,0,0
cc-4d,cc-4d-b,0,0,0
cc-4ld,cc-4ld-c,0,0,0
cc-4ld,cc-4ld-p,0,0,0
cc-4ld,cc-4ld-b,0,0,0
cc-4sd,cc-4sd-c,0,0,0
cc-4sd,cc-4sd-p,0,0,0
cc-4sd,cc-4sd-b,0,0,0
ccar-13549-a,,0,0,0
ccar-15250-b,,8,0,0
ccar-15348-c,,0,0,0
ccar-15351-d,,0,0,0
cc-k1d,cc-k1d-c,0,0,0
cc-k1d,cc-k1d-w,0,0,0
cc-k2d,cc-k2d-c,0,0,0
cc-k2d,cc-k2d-w,0,0,0
cc-k3d,cc-k3d-c,0,0,0
cd-4007bbs-b,,0,0,0
cd-4007bbs-bk,,0,0,0
cd-4007bbs-r,,0,0,0
chain420-100l,,0,0,0
chain420-120l,,0,0,0
chain420-126l,,12,0,0
chain420-130l,,0,0,0
chain428-132l,,0,0,0
chain428-150l,,0,0,0
chain520-110l,,0,0,0
chain520-116l,,0,0,0
chain520-120l,,0,0,0
chain520-o-120l,,20,0,0
chain525-120l,,0,0,0
chain525-o-120l,,0,0,0
chain530-120l,,0,0,0
chain530-130l,,6,0,0
chain530-o-120l,,0,0,0
chain530-o-130l,,1,0,0
chain-hoist-025,,41,0,0
chain-hoist-050-3m,,0,0,0
chain-hoist-075,,49,0,0
chain-hoist-100-3m,,11,0,0
chain-hoist-150,,10,0,0
chain-hoist-200,,14,0,0
chain-hoist-300,,11,0,0
chainsaw30cc,,0,0,0
chainsaw58cc-003,,0,0,0
chg-cntrlr-30-48,,0,0,0
chipperchredder,,0,0,0
clip-remover,,11,0,0
cm600c,,1,0,0
cm600c-s,,1,0,0
compactbender001,,0,0,0
cranescale1t,,0,0,0
crane-scale-3000kg,,5,0,0
cranescale3t,,5,0,0
crane-scale-5000kg,,0,0,0
cranescale-500kg,,0,0,0
dai54-70,,0,0,0
deumlifter,,0,0,0
dia-saw125-01,,0,0,0
dia-saw125-01-s,,0,0,0
dia-saw150-01,,0,0,0
dia-saw150-01-s,,0,0,0
dia-saw180-01,,0,0,0
dia-saw180-01-s,,0,0,0
dia-saw200-01,,1,0,0
dia-saw200-01-s,,1,0,0
dia-saw230-01,,0,0,0
dia-saw230-01-s,,0,0,0
dia-saw250-01,,0,0,0
dia-saw250-01-s,,0,0,0
digital-lvbox-a,,0,0,0
digital-lvbox-b,,0,0,0
digital-s-50kg,,0,0,0
digitalscale200kg,,0,0,0
disk-bk-calp-b,,53,0,0
dl0015a,,0,0,0
dl0015as,dl0015as-bl,0,0,0
dl0015as,dl0015as-re,0,0,0
dl0015aw,,0,0,0
dl0020a,,0,0,0
dl0021-bl,,0,0,0
dl0021-bl-s,,0,0,0
dl0025,dl0025b-re-,0,0,0
dl0025,dl0025a-bl-,0,0,0
dl0025b-re,,0,0,0
dl002-hlj-1,,0,0,0
dl0030-bl,,0,0,0
dl0031-re,,0,0,0
DL003HLJ-1,,0,0,0
dl003hlj-1-685-c,,0,0,0
dl-014,,0,0,0
dl0210r,,4,0,0
dl0220B,,5,0,0
DL03SST,,24,0,0
DL0612,,50,0,0
dl0612-bk,,3,0,0
dl0620,,11,0,0
dl0710s,,0,0,0
dl0712-bk,,44,0,0
dl0720a-bk,,30,0,0
dl0720b-re,,19,0,0
dl0810c,,0,0,0
dl1014,,0,0,0
dl1101b,,0,0,0
dl1102b,,0,0,0
dl1115a,,0,0,0
dl1115b,,0,0,0
DL1210,,0,0,0
dl1416,,0,0,0
DL-150-Y,,0,0,0
DL-150-Y-SALE,,67,0,0
DL1510,,0,0,0
dl-151-ye,,14,0,0
DL2001,,85,0,0
dl2003,,89,0,0
DL22,DL22-re,0,0,0
dl2206,,0,0,0
dl2206-s,,0,0,0
dl-3301,,0,0,0
dl3303,dl3303sl,0,0,0
dl3303,dl3303bk,0,0,0
dl-350,dl-350-re,0,0,0
DL-5,,56,0,0
DL5203C,,0,0,0
DL5205,,83,0,0
dl600c,,0,0,0
dl600c-2,,0,0,0
dl610,,0,0,0
dl610-s,,0,0,0
dl6202,,0,0,0
DL6206,,0,0,0
dl6207,,0,0,0
dl645,,0,0,0
dl647,dl647-bk,0,0,0
dl647,dl647-bl,0,0,0
DL649A,,0,0,0
dl649a-bk,,0,0,0
dl649a-gy-sms,,0,0,0
drill-bit-170pc,,196,0,0
drumcarry,,0,0,0
ds-mc03,,142,0,0
dv-sh-changer-,,14,0,0
dw-hs,,0,0,0
dw-hs400kg,,56,0,0
elct-winch-100-24,,3,0,0
elct-winch-50-12,,0,0,0
elct-winch-60-12,,20,0,0
elct-winch-8000-24v,,26,0,0
electrictrolley500kg,,12,0,0
elect-winch-120-24,,0,0,0
elect-winch-160-24,,0,0,0
elect-winch-168-24,,0,0,0
engine-burowa-b,,7,0,0
engine-pomp001,,87,0,0
engine-spray-b,,6,0,0
enginesprayer-25,,0,0,0
enjine-browa,,23,0,0
e-sprayer,,117,0,0
f25,,0,0,0
fjtlm-multi,,57,0,0
fjtlm-multi-s,,57,0,0
flkt-h1-3512-8k,,0,0,0
flkt-h1-5512-6k,,0,0,0
flkt-h1-5512-8k,,0,0,0
flkt-h3-3512-6k,,0,0,0
flkt-h4-3512-6k07,,0,0,0
flkt-h4-3512-6k-N,,0,0,0
flkt-h4-3512-8k-N,,0,0,0
flkt-h4-5512-6k-N,,0,0,0
flkt-h4-5512-6k-n-sale,,0,0,0
flkt-h4-5512-8k-N,,0,0,0
flkt-h4-5512-8k-n-sale,,0,0,0
flkt-h7-3512-6k,,0,0,0
flkt-h7-3512-8k,,0,0,0
flkt-h7-5512-6k,,0,0,0
flkt-h8-5512-6k,,0,0,0
flkt-h8-5512-8k,,0,0,0
flkt-hb3-3512-6k,,0,0,0
flkt-hb3-3512-8k,,0,0,0
flkt-hb3-5512-6k,,0,0,0
flkt-hb3-5512-8k,,0,0,0
flkt-hb4-3512-8k,,0,0,0
flkt-hb4-5512-6k,,0,0,0
flkt-hb4-5512-6k-g,,0,0,0
floor-scl210,,14,0,0
furoa5t1000mm,,24,0,0
furoa5t1500mm,,15,0,0
gas-stove----,gas-stove-red,0,0,0
gas-stove----,gas-stove-black,0,0,0
gas-stove----,gas-stove-green,0,0,0
gear-pooler-a,,15,0,0
gear-pooler-b,,50,0,0
gear-pooler-c-,,32,0,0
gojack001,,0,0,0
grassmower-002,,68,0,0
grassmower-003,,68,0,0
hand-fork-02,,171,0,0
hand-fork-1000kg,,5,0,0
hand-fork-1500kg,,0,0,0
hand-fork-2000kg,,0,0,0
hand-fork-500kg,,0,0,0
hand-remover,,76,0,0
handwinch,,5,0,0
hbrng16-6473,,0,0,0
hbrng25-5473,,1,0,0
hbrng25-5673,,7,0,0
hbrng25-6073,,0,0,0
hbrng25-6473,,0,0,0
hbrng25-6673,,0,0,0
hbrng30-5473,,9,0,0
hbrng30-5673,,15,0,0
hbrng30-6073,,0,0,0
hbrng30-6473,,9,0,0
hbrng30-6673,,0,0,0
hbrng34-6473,,14,0,0
HCL-02,,0,0,0
HCL-13,,13,0,0
HCL-21A,,8,0,0
heat,,163,0,0
hedgetrimmer-001-t,,36,0,0
hedgetrimmer-002,,44,0,0
hid-work-light18A,,28,0,0
hid-work-light20,,29,0,0
hid-work-light27-W,,0,0,0
hid-work-light48W,,19,0,0
hitch-ball,,0,0,0
hitch-ball-4inch,,0,0,0
hitch-ball-6inch,,0,0,0
hitch-pin,,182,0,0
hnd-hyst08,,0,0,0
hnd-hyst08-s,,0,0,0
hnd-hyst16,,0,0,0
hnd-hyst16-s,,0,0,0
holder-tool,,86,0,0
hole-saw-10pc,,21,0,0
hoseclip-pryor-,,11,0,0
hp-001,,30,0,0
hydraulic-cylinder-001,,3,0,0
hydraulic-press-12t,,46,0,0
hydraulic-press-20t,,33,0,0
hydraulic-press-air-20t,DL0720B-BK,18,0,0
hydraulic-pull-lamb-20t,,0,0,0
Hydraulic-puncher-hk8d,,8,0,0
hydraulic-swivel-crane,,0,0,0
hy-prs-06,,54,0,0
hy-prs-06-s,,54,0,0
hyst1000,,0,0,0
hyst400-trolleyset,,6,0,0
hyst500,,13,0,0
hyst600,,0,0,0
hyst800,,1,0,0
income-v4,,0,0,0
income-v4-s,,0,0,0
income-v8-1k,,0,0,0
income-v8-1k-r,,0,0,0
intr1000-1250,,0,0,0
intr1000-1260,,0,0,0
intr1000-2450,,3,0,0
intr1000-2460,,5,0,0
intr1500-1250,,0,0,0
intr1500-1260,,0,0,0
intr1500-2450,,0,0,0
intr1500-2460,,0,0,0
intr2000-1250,,1,0,0
intr2000-1260,,0,0,0
intr2000-2450,,3,0,0
intr2000-2460,,3,0,0
intr2500-1250,,0,0,0
intr2500-1260,,9,0,0
intr2500-2450,,0,0,0
intr2500-2460,,0,0,0
intr3000-1250,,6,0,0
intr3000-1260,,10,0,0
intr3000-2450,,0,0,0
intr3000-2460,,4,0,0
intr300-1250,,0,0,0
intr300-1260,,0,0,0
intr300-2450,,0,0,0
intr300-2460,,0,0,0
intr5000-1250,,0,0,0
intr5000-1260,,0,0,0
intr5000-2450,,3,0,0
intr5000-2460,,0,0,0
intr600-1250-c,,0,0,0
intr600-1260,,0,0,0
intr600-2450,,0,0,0
intr600-2460,,0,0,0
intr800-1250,,8,0,0
intr800-1260,,1,0,0
intr800-2450,,0,0,0
intr800-2460,,0,0,0
jack-gr35-bk,,0,0,0
jackstand001,,0,0,0
jackstand002,,0,0,0
k001-1,,0,0,0
K1030110,,0,0,0
kn-t-l,,0,0,0
kn-t-s,,0,0,0
L1069750,,66,0,0
L1069820,,69,0,0
LA-56,,42,0,0
la-56b,,45,0,0
led-lanthan63-bk-,,16,0,0
led-projector-10b,,0,0,0
led-projector-10d,,0,0,0
led-projector-50w6,,0,0,0
led-ropelight,,5,0,0
led-work-light252,,0,0,0
led-work-light288,,1,0,0
led-work-light324,,2,0,0
l-gjq-1,,48,0,0
lifebuoicomodefens,,149,0,0
lifebuoy,lifebuoycomowh,4,0,0
lifebuoy,lifebuoycomobl,36,0,0
lifebuoy,lifebuoyorange,8,0,0
lifebuoy,lifebuoypink,0,0,0
lifebuoy,lifebuoycomogr,112,0,0
lifebuoy,lifebuoyroyalblue,6,0,0
lifebuoy,lifebuoyblack,0,0,0
lifebuoy,lifebuoynavy,0,0,0
lifebuoy,lifebuoycomodefens,149,0,0
lifebuoybk,,0,0,0
lifebuoybl01,,6,0,0
lifebuoybl02,,0,0,0
lifebuoycomoblue,,36,0,0
lifebuoycomogreen,,112,0,0
lifebuoycomowhite,,4,0,0
lifebuoyor,,8,0,0
lifebuoypk,,0,0,0
lifejacket,lifejacket-comowh,0,0,0
lifejacket,lifejacket-comobl,0,0,0
lifejacket,lifejacket-pi,0,0,0
lifejacket,lifejacket-comogr,0,0,0
lifejacket,lifejacket-bk,0,0,0
lifejacket,lifejacket-navy,0,0,0
lifejacket,lifejacket-comodef,0,0,0
lifmag-100,,16,0,0
lifmag-1000,,23,0,0
lifmag-100-s,,16,0,0
lifmag-600,,5,0,0
lifting-magnet400,,9,0,0
lopelight-blue,,0,0,0
lopelight-cable,,29,0,0
lopelight-cable-flash,,59,0,0
lopelight-green,,20,0,0
lopelight-mix,,9,0,0
lopelight-pink,,18,0,0
lopelight-purple,,44,0,0
lopelight-white,,0,0,0
lopelight-yellow,,0,0,0
LS-29,,0,0,0
LS-31,,3,0,0
LS-42,,4,0,0
LS-43,,9,0,0
LS-88-1,,0,0,0
lsng008t5m01,,0,0,0
lsng015t5m01,,197,0,0
lsng015t6m01,,161,0,0
lsng015t6m01-c,,170,0,0
lsng03t6m01,,441,0,0
lsng03t7m01,,345,0,0
lsng03t8m01,,400,0,0
lsng03t8m01-c,,48,0,0
lsng05t6m01,,0,0,0
LT-1110,,37,0,0
LT-1111,,11,0,0
LT-1112,,1,0,0
lt-a1005,,11,0,0
LT-A1010,,49,0,0
LT-A101010,,136,0,0
LT-A1012,,12,0,0
LT-A1013,,5,0,0
lt-a1017,,1,0,0
LT-A1018,,7,0,0
lt-a1021,,0,0,0
LT-A1025,,0,0,0
lt-a1026,,9,0,0
lt-a1026-s,,9,0,0
lt-a1039-4,,337,0,0
lt-a1039-5,,61,0,0
LT-A1130,,0,0,0
lt-a1237,,0,0,0
lt-a1238,,13,0,0
LT-A1240,,9,0,0
lt-a1241,,28,0,0
lt-a12424,,25,0,0
LT-A1293,,11,0,0
LT-A1314,,8,0,0
lt-a1335-1,,7,0,0
lt-a1349-1,,0,0,0
lt-a1391,,54,0,0
lt-a14040,,0,0,0
LT-A1469,,48,0,0
LT-A1585,,62,0,0
lt-alwx,,39,0,0
lt-bc,,0,0,0
lt-di016,,0,0,0
lt-dl001,,62,0,0
lt-dl002,,46,0,0
lt-dl003,,0,0,0
lt-dl004,,0,0,0
lt-dl005,,58,0,0
lt-dl006,,39,0,0
lt-dl007,,0,0,0
lt-dl009-a,,0,0,0
lt-dl01,,0,0,0
lt-dl010,,31,0,0
lt-dl012,,23,0,0
lt-dl013,,41,0,0
lt-dl014,,77,0,0
lt-dl015,,28,0,0
lt-dl017,,0,0,0
lt-dl019,,2,0,0
lt-dl02,,24,0,0
lt-dl021,lt-dl021-15,0,0,0
lt-dl021,lt-dl021-20,0,0,0
lt-dl021,lt-dl021-25,48,0,0
lt-dl022,lt-dl022-13,0,0,0
lt-dl022,lt-dl022-15,13,0,0
lt-dl022,lt-dl022-20,0,0,0
lt-dl023,lt-dl023-15,0,0,0
lt-dl023,lt-dl023-20,0,0,0
O1063880,,27,0,0
lt-dl025,,0,0,0
lt-dl027,,95,0,0
lt-dl028,,0,0,0
lt-dl03,,35,0,0
lt-dl07,,1,0,0
lt-dl08,,8,0,0
lt-f-3,,0,0,0
lt-gjc,,18,0,0
lt-gjq,,65,0,0
lt-k56,,0,0,0
lt-lengqueji,,10,0,0
lt-loudou,,0,0,0
lt-tc1061,,173,0,0
lt-xchj,,0,0,0
lt-zxc,,0,0,0
M18-P15,,28,0,0
M20-P15,,0,0,0
m404c,,0,0,0
m404c-s,,0,0,0
m718g,,0,0,0
m865,,0,0,0
mani-cable-a-set,lt-134,61,0,0
mani-cable-a-set,lt-r410,0,0,0
manifold-gauge-b,,97,0,0
master-balljoint,,21,0,0
mini-cuter,,10,0,0
miniprism001,,92,0,0
MISSION-LIFT,,0,0,0
motor-carry,,0,0,0
motorcycle-jack001,,0,0,0
motorcycle-liftstand-jack001,,67,0,0
mppt-10a,,0,0,0
mppt-15a,,0,0,0
multi-hole-saw-16pc,,0,0,0
nailjack001,,36,0,0
nailjack003,,49,0,0
NATO-34MM125-B,,0,0,0
NATO-34MM125-G,,0,0,0
NATO-34MM125-KURO,,0,0,0
NATO-34MM125-MU,,0,0,0
NATO-34MM125-RED,,0,0,0
NATO-34MM125-S,,2,0,0
NATO-34MM150-B,,20,0,0
NATO-34MM150-G,,0,0,0
NATO-34MM150-KURO,,0,0,0
nato-34mm150-mu,,0,0,0
NATO-34MM150-RED,,0,0,0
NATO-34MM150-S,,0,0,0
NATO-52MM125-B,,12,0,0
NATO-52MM125-G,,0,0,0
NATO-52MM125-KURO,,0,0,0
NATO-52MM125-MU,,0,0,0
NATO-52MM125-RED,,8,0,0
NATO-52MM125-S,,2,0,0
NATO-52MM150-B,,39,0,0
NATO-52MM150-G,,1,0,0
NATO-52MM150-KURO,,11,0,0
NATO-52MM150-MU,,0,0,0
NATO-52MM150-R,,10,0,0
NATO-52MM150-S,,0,0,0
nylonsling1t10m,,2,0,0
nylonsling1t1m,,0,0,0
nylonsling1t2m,,559,0,0
nylonsling1t3m,,359,0,0
nylonsling1t5m,,400,0,0
nylonsling1t6m,,37,0,0
nylonsling2t10m,,0,0,0
nylonsling2t1m,,197,0,0
nylonsling2t2m,,177,0,0
nylonsling2t3m,,47,0,0
nylonsling2t4m,,5,0,0
nylonsling2t5m,,67,0,0
nylonsling2t6m,,191,0,0
nylonsling3t10m,,15,0,0
nylonsling3t12m,,12,0,0
nylonsling3t3m,,157,0,0
nylonsling3t5m,,140,0,0
nylonsling3t8m,,18,0,0
nylonsling5t10m,,39,0,0
nylonsling5t5m,,6,0,0
o2sennsaB-2060,,26,0,0
oil-catch-tank,oil-catch-tank-sl,0,0,0
oil-catch-tank,oil-catch-tank-re,0,0,0
oil-catch-tank,oil-catch-tank-bl,0,0,0
oil-catch-tank,oil-catch-tank-bk,0,0,0
oilchanger-mt,,36,0,0
oil-fil-belt01,,0,0,0
oil-receiver,,0,0,0
op-frame,,0,0,0
opp-100m,,796,0,0
op-sens,,0,0,0
op-sens-pk,,0,0,0
op-sens-smpk,,0,0,0
otwt-sens,,0,0,0
pb-srs,,42,0,0
pb-srs10,,0,0,0
pb-srs16,,1,0,0
pfdscale-150kg,,0,0,0
photo-6set-tent-booth,,0,0,0
photo-6set-tent-booth-sale,,0,0,0
photo-haikeifu-black-1828,,28,0,0
photo-haikeifu-black-3060,,0,0,0
photo-haikeifu-blue-1828,,0,0,0
photo-haikeifu-blue-3060,,0,0,0
photo-haikeifu-white-1828,,0,0,0
photo-haikeifu-white-3060,,0,0,0
photo-satsuei-stand,,0,0,0
pilot-pooler,,97,0,0
pipe-bender-16air,,0,0,0
PK52B,,0,0,0
PK52BK,,0,0,0
PK52OP,,17,0,0
PK52OT,,11,0,0
PK52T,,0,0,0
PK52V,,0,0,0
PK52WT,,0,0,0
pk60-b,,0,0,0
PK80-B,,0,0,0
PK80-T,,0,0,0
PKcl,,0,0,0
platform-scale-100kg,,0,0,0
platform-scale-300kg,,0,0,0
platform-scale-600kg,,0,0,0
porch-30m,,0,0,0
pro2h-10m,,0,0,0
pro2h-15m,,0,0,0
prohg100,,53,0,0
prohg30,,7,0,0
prohg300,,77,0,0
prorn100,,0,0,0
prorn30,,0,0,0
prorn300,,4,0,0
prorn3b-100,,0,0,0
prorn3b-30,,0,0,0
prorn3b-300,,0,0,0
prot10n-100,,0,0,0
prot10n-30,,0,0,0
prot10n-300,,0,0,0
ptap33,,16,0,0
pulley-pooler,,0,0,0
puncher-8b,,12,0,0
pvc-cuter-,,61,0,0
pyhl-10,,0,0,0
rasshing10t10m,,49,0,0
rasshing10t5m,,0,0,0
rasshing5t10m,,48,0,0
rasshing5t5m,,243,0,0
raud-saw14-30,,66,0,0
raud-saw14-30-s,,66,0,0
rd60f,,0,0,0
rebar-cutter,,0,0,0
recoil-h-kit-b,,0,0,0
ref-009,,0,0,0
road-saw12-27,,26,0,0
road-saw12-27-s,,26,0,0
road-saw12-30,,32,0,0
road-saw12-30-s,,32,0,0
road-saw14-27,,58,0,0
road-saw14-27-s,,58,0,0
road-saw16-27,,0,0,0
road-saw16-27-s,,0,0,0
road-saw16-30,,0,0,0
road-saw16-30-s,,0,0,0
road-saw18-27,,0,0,0
road-saw18-27-s,,0,0,0
RSM52AF,,0,0,0
RSM52B,,0,0,0
RSM52ET,,0,0,0
RSM52FP,,0,0,0
RSM52OP,,21,0,0
RSM52OT,,0,0,0
RSM52TA,,0,0,0
RSM52VA,,0,0,0
RSM52VO,,0,0,0
RSM52WT,,0,0,0
RSM60B,,0,0,0
RSM60OP,,0,0,0
RSM60OT,,1,0,0
RSM60TA,,0,0,0
RSM60VA,,0,0,0
RSM60VO,,0,0,0
RSM60WT,,0,0,0
ruter-bits-12pc,,0,0,0
ruter-bits-15pc,,0,0,0
sandblaster350b,,0,0,0
sandlaster220,,10,0,0
sandlaster90,,0,0,0
saw-chain-c,,24,0,0
SB-2000,,0,0,0
SB-500,,0,0,0
seal-driver-b,,5,0,0
seat-a,,122,0,0
seat-a-s,,122,0,0
seat-b,,16,0,0
seat-b-s,,16,0,0
seat-c,,2,0,0
seat-c-s,,2,0,0
seat-d,,14,0,0
seat-d-s,,14,0,0
seat-e,,30,0,0
seat-e-s,,30,0,0
seat-f,,15,0,0
shinku-pomp001,,13,0,0
shinku-pomp001-sale,,13,0,0
shower-head,shower-head-y,0,0,0
shower-head,shower-head-b,0,0,0
sibakari-001,,0,0,0
slide-hammer3,,0,0,0
slide-hammer4,,2,0,0
SM52AF,,0,0,0
SM52B,,0,0,0
SM52BK,,14,0,0
SM52ET,,0,0,0
SM52FP,,0,0,0
SM52OP,,0,0,0
SM52OT,,0,0,0
SM52T,,0,0,0
SM52V,,0,0,0
SM52WT,,0,0,0
SM60B,,0,0,0
SM60BK,,0,0,0
SM60OP,,0,0,0
SM60OT,,0,0,0
SM60T,,0,0,0
SM60V,,0,0,0
SM60WT,,0,0,0
SMW30OT,,0,0,0
smw52b,,0,0,0
smw52op,,0,0,0
smw52ot,,0,0,0
smw52ta,,0,0,0
smw52v,,0,0,0
smw52va,,0,0,0
smw52wt,,0,0,0
SMW60B,,0,0,0
SMW60ET,,0,0,0
SMW60OP,,0,0,0
SMW60T,,0,0,0
SMW60V,,0,0,0
SMW60VA,,0,0,0
SMW60WT,,0,0,0
snk-pkk001-1,,42,0,0
snk-pkk002,,0,0,0
snowfairy,,0,0,0
snowfairy03,,0,0,0
snowfairy05,,0,0,0
snowfairy06,,0,0,0
snowfairy07,,0,0,0
snowplow-65hp,,0,0,0
softbox5555-5,,0,0,0
softbox7050-4,,0,0,0
softbox9060-5,,0,0,0
solarcontroller02,,73,0,0
solarcontrollerMPPT-30A,,0,0,0
solarcontrollerMPPT-40A,,7,0,0
solarcontrollerMPPT-50A,,0,0,0
solar-p010w,,0,0,0
solar-p020w,,0,0,0
solar-panel-50,,0,0,0
sora-190w,,0,0,0
SP-100w,,0,0,0
SP-100w-s,,0,0,0
SP-15w,,0,0,0
SP-30w,,0,0,0
SP-5w,,0,0,0
sr163,,0,0,0
SR30K-ATYSM,,79,0,0
SR30K-ATYSM-A2,,44,0,0
st-101,st-101l,0,0,0
st-101,st-101r,0,0,0
st-101-24v,st-101-24vl,0,0,0
st-101-24v,st-101-24vr,0,0,0
ST-616,,20,0,0
ST-616-s,,20,0,0
stack-ldr,,0,0,0
step-drill-a,,0,0,0
step-drill-b,,0,0,0
T10-174,,0,0,0
t10-174SMD,,0,0,0
table002,,0,0,0
table-bbq,,0,0,0
table-bench-b,,0,0,0
table-chair,,0,0,0
taiyatynnjyadl5201,,91,0,0
tbp-pooler-rmv-,,16,0,0
tent-,tent-or,0,0,0
tent-,tent-bl,0,0,0
tent-,tent-gr,0,0,0
tent--,tent-or-,0,0,0
tent--,tent-bl-,0,0,0
tent--,tent-gr-,0,0,0
tent---,tent---or,0,0,0
tent---,tent---bl,0,0,0
tent---,tent---gr,0,0,0
tent-s,,0,0,0
TG-01,,0,0,0
TG-02-1,,1,0,0
TG-10,,0,0,0
tg-10-,,0,0,0
TH-110-1825-BK,,0,0,0
TH-110-1825-BL,,0,0,0
TH-110-1825-GL,,0,0,0
TH-110-1825-GR,,0,0,0
TH-110-1825-PL,,0,0,0
TH-110-1825-RE,,0,0,0
TH-110-1825-SL,,0,0,0
TH-110-1825-YE,,0,0,0
TH-110-2020-BK,,0,0,0
TH-110-2020-BL,,0,0,0
TH-110-2020-GL,,0,0,0
TH-110-2020-GR,,0,0,0
TH-110-2020-PL,,0,0,0
TH-110-2020-RE,,0,0,0
TH-110-2020-SL,,0,0,0
TH-110-2020-YE,,0,0,0
TH-120-2220-BK,,0,0,0
TH-120-2220-BL,,0,0,0
TH-120-2220-GL,,0,0,0
TH-120-2220-GR,,0,0,0
TH-120-2220-PL,,0,0,0
TH-120-2220-RE,,0,0,0
TH-120-2220-SL,,0,0,0
TH-120-2220-YE,,0,0,0
TH-210-RE,,0,0,0
TH-310-BK,,0,0,0
TH-310-GR,,0,0,0
TH-310-SL,,5,0,0
tigerjack001,,53,0,0
tirechain,tirechain-kn20,0,0,0
tirechain,tirechain-kn30,0,0,0
tirechain,tirechain-kn40,0,0,0
tirechain,tirechain-kn50,0,0,0
tirechain,tirechain-kn60,0,0,0
tirechain,tirechain-kn70,0,0,0
tirechain,tirechain-kn80,0,0,0
tirechain,tirechain-kn90,0,0,0
tirechain,tirechain-kn100,0,0,0
tirechain-r-p1,T1070710,0,0,0
tirechain-r-p1,T1070640,9,0,0
tirechain-r-p2,tirechain-p2-ye,0,0,0
tirechain-r-p2,tirechain-p2-bk,0,0,0
tkk-150,,0,0,0
tkk-30,,0,0,0
tkk-50,,0,0,0
tnt-booth-led-4,,0,0,0
tnt-booth-led-5,,0,0,0
tnt-booth-led-6,,0,0,0
trailer800-a,,40,0,0
trejk-1500lbs,,0,0,0
trolley1t,,8,0,0
tubeexpander-001,,12,0,0
tubelight-10m,tubelight-re-10m,0,0,0
tubelight-10m,tubelight-ye-10m,128,0,0
tubelight-10m,tubelight-bl-10m,182,0,0
tubelight-10m,tubelight-wh-10m,1,0,0
tubelight-10m,tubelight-gr-10m,0,0,0
tubelight-10m,tubelight-pi-10m,0,0,0
tubelight-10m,tubelight-pl-10m,0,0,0
tubelight-10m,tubelight-mx-10m,189,0,0
tumeori001,,82,0,0
tungsten40,,29,0,0
tungsten54,,0,0,0
tungsten64,,0,0,0
tv-kanagu22-42,,0,0,0
tv-kanagu26-37,,0,0,0
tv-kanagu32-62,,0,0,0
tv-kanagu32-62-kakudo,,26,0,0
tyen-hoisuto,,80,0,0
u-1t,,0,0,0
u-2t,,22,0,0
u-3t,,19,0,0
uv-clutch-tool,,0,0,0
vcum-f-tester-,,19,0,0
vlv-d2c-35-3k,,0,0,0
vlv-d2c-35-bl,,41,0,0
vlv-d2c-35-pl,,8,0,0
vlv-d2c-55-3k,,3,0,0
vlv-d2c-55-bl,,52,0,0
vlv-d2c-55-pl,,70,0,0
vlv-d2r-35-12k,,0,0,0
vlv-h11-35-bl,,24,0,0
vlv-h11-35-pl,,25,0,0
vlv-h11-55-bl,,15,0,0
vlv-h11-55-pl,,19,0,0
vlv-h1-35-10k,,5,0,0
vlv-h1-35-12k,,4,0,0
vlv-h1-35-3k,,50,0,0
vlv-h1-35-bl,,21,0,0
vlv-h1-55-10k,,16,0,0
vlv-h1-55-12k,,4,0,0
vlv-h1-55-3k,,43,0,0
vlv-h3-35-12k,,0,0,0
vlv-h3-35-6k,,0,0,0
vlv-h3-35-bl,,20,0,0
vlv-h3-35-pl,,6,0,0
vlv-h3-55-10k,,2,0,0
vlv-h3-55-12k,,1,0,0
vlv-h3-55-15k,,0,0,0
vlv-h3-55-8k,,6,0,0
vlv-h3-55-bl,,20,0,0
vlv-h3-55-pl,,19,0,0
vlv-h4-3512-8k-b,,0,0,0
vlv-h4-3524-5k-a,,22,0,0
vlv-h4-3524-6k-a,,15,0,0
vlv-h4-3524-8k-a,,14,0,0
vlv-h4-5512-6k-a,,64,0,0
vlv-h4-5524-5k-a,,1,0,0
vlv-h4-5524-6k-a,,10,0,0
vlv-h4-5524-8k-a,,37,0,0
vlv-h7-35-10k,,7,0,0
vlv-h7-35-12k,,12,0,0
vlv-h7-35-15k,,9,0,0
vlv-h7-35-3k,,37,0,0
vlv-h7-35-pl,,16,0,0
vlv-h7-55-10k,,0,0,0
vlv-h7-55-12k,,3,0,0
vlv-h7-55-15k,,1,0,0
vlv-h7-55-3k,,7,0,0
vlv-h8-35-6k,,0,0,0
vlv-h8-35-8k,,0,0,0
vlv-h8-55-10k,,0,0,0
vlv-h8-55-12k,,3,0,0
vlv-h8-55-3k,,0,0,0
vlv-h8-55-6k,,22,0,0
vlv-h8-55-8k,,0,0,0
vlv-h9-35-6k,,7,0,0
vlv-h9-35-8k,,18,0,0
vlv-h9-55-6k,,12,0,0
vlv-h9-55-8k,,21,0,0
vlv-hb3-35-10k,,8,0,0
vlv-hb3-35-12k,,8,0,0
vlv-hb3-35-6k,,0,0,0
vlv-hb3-35-8k,,0,0,0
vlv-hb3-55-10k,,18,0,0
vlv-hb3-55-12k,,6,0,0
vlv-hb3-55-15k,,3,0,0
vlv-hb3-55-3k,,12,0,0
vlv-hb3-55-6k,,3,0,0
vlv-hb3-55-8k,,54,0,0
vlv-hb4-35-12k,,0,0,0
vlv-hb4-35-8k,,0,0,0
vlv-hb4-35-bl,,11,0,0
vlv-hb4-35-pl,,0,0,0
vlv-hb4-55-10k,,0,0,0
vlv-hb4-55-12k,,7,0,0
vlv-hb4-55-6k,,0,0,0
vlv-hb4-55-bl,,22,0,0
vlv-hb5-35-8k,,20,0,0
vlv-hb5-55-6k,,7,0,0
vlv-hb5-55-8k,,18,0,0
weldface-,weldface-1,19,0,0
weldface-,weldface-2,22,0,0
weldface-,weldface-3,21,0,0
weldface-,weldface-4,22,0,0
weldface-,weldface-5,23,0,0
weldface-,weldface-6,17,0,0
weldface-,weldface-7,4,0,0
weldface-,weldface-8,44,0,0
weldface-,weldface-9,24,0,0
weldface-,weldface-10,4,0,0
weldface-,weldface-11,19,0,0
weldface-,weldface-12,20,0,0
weldface-,weldface-13,23,0,0
weldface-,weldface-14,8,0,0
weldface-,weldface-15,0,0,0
weldface-,weldface-16,11,0,0
weldface-,weldface-17,17,0,0
weldface-,weldface-18,19,0,0
weldface-,weldface-19,40,0,0
weldface-,weldface-20,28,0,0
weldface-,weldface-21,23,0,0
weldface-,weldface-22,24,0,0
weldface-,weldface-23,6,0,0
weldface-,weldface-24,74,0,0
weldface-,weldface-25,9,0,0
weldface-,weldface-26,8,0,0
weldface-,weldface-27,4,0,0
weldface-,weldface-28,10,0,0
weldface-,weldface-29,8,0,0
weldface-,weldface-30,23,0,0
weldface-,weldface-31,43,0,0
weldface-,weldface-32,12,0,0
weldface-,weldface-33,10,0,0
weldface-,weldface-35,5,0,0
weldface-,weldface-36,3,0,0
weldface-,weldface-37,10,0,0
weldface-,weldface-38,0,0,0
weldface-,weldface-40,2,0,0
weldface-,weldface-41,14,0,0
weldface-,weldface-42,19,0,0
weldface-,weldface-43,26,0,0
weldface-,weldface-44,11,0,0
weldface-,weldface-47,0,0,0
weldface-,weldface-48,0,0,0
weldface-,weldface-49,20,0,0
weldface-,weldface-50,7,0,0
weldface-,weldface-51,15,0,0
weldface-,weldface-52,1,0,0
weldface-,weldface-53,5,0,0
weldface-,weldface-54,4,0,0
weldface-,weldface-55,7,0,0
weldface-,weldface-57,22,0,0
weldface-,weldface-46,0,0,0
weldface21,,23,0,0
weldface22,,24,0,0
weldface23,,6,0,0
weldface24,,74,0,0
weldface25,,9,0,0
weldface26,,8,0,0
weldface-aold,,2,0,0
weldface-nin,,0,0,0
weld-surface-1,,19,0,0
weld-surface-10,,4,0,0
weld-surface-11,,19,0,0
weld-surface-12,,20,0,0
weld-surface-13,,23,0,0
weld-surface-14,,8,0,0
weld-surface-15,,0,0,0
weld-surface-16,,11,0,0
weld-surface-17,,17,0,0
weld-surface-2,,22,0,0
weld-surface-20,,28,0,0
weld-surface-3,,21,0,0
weld-surface-4,,22,0,0
weld-surface-5,,23,0,0
weld-surface-6,,17,0,0
weld-surface-7,,4,0,0
weld-surface-8,,44,0,0
weld-surface-9,,24,0,0
wheel-nut-sok-,,0,0,0
winch10000-12v,,2,0,0
winch12000-12v,,11,0,0
winch16000-12v,,0,0,0
winch16800-12v,,0,0,0
winch2500,,87,0,0
winch3000,,9,0,0
winch3000-s,,9,0,0
winch8000-12V,,10,0,0
wr-18,,28,0,0
wr-27,,0,0,0
WS205-RE,,0,0,0
ws205-re-s,,0,0,0
WT3-26,,0,0,0
WT3-28,,0,0,0
WT3-30,,7,0,0
WT3-32,,0,0,0
WT3-34,,0,0,0
WT3-36,,27,0,0
WT3-38,,3,0,0
wts15-4-100-125,,0,0,0
wts15-4-100-150,,0,0,0
wts15-4-114-125,,0,0,0
wts15-4-114-150,,0,0,0
wts15-4-hen-125,,0,0,0
wts15-4-hen-150,,0,0,0
wts15-5-100-125,,9,0,0
wts15-5-100-150,,29,0,0
wts15-5-114-125,,56,0,0
wts15-5-114-150,,0,0,0
wts15-5-hen-150,,0,0,0
wts20-4-100-125,,25,0,0
wts20-4-100-150,,0,0,0
wts20-4-114-125,,0,0,0
wts20-4-114-150,,22,0,0
wts20-5-100-125,,18,0,0
wts20-5-100-150,,5,0,0
wts20-5-114-125,,17,0,0
wts20-5-114-150,,1,0,0
wts25-4-100-125,,15,0,0
wts25-4-100-150,,0,0,0
wts25-4-114-125,,7,0,0
wts25-4-114-150,,0,0,0
wts25-5-100-125,,21,0,0
wts25-5-100-150,,5,0,0
wts25-5-114-125,,10,0,0
wts25-5-114-150,,0,0,0
wts30-4-100-150,,0,0,0
wts30-4-114-150,,0,0,0
wts30-5-114-125,,0,0,0
wts30-5-114-150,,0,0,0
wts30-5-139-125,,16,0,0
wts30-5-150-150,,17,0,0
wts34-5-114-150,,32,0,0
wts35-5-114-150,,0,0,0
wts40-4-100-125,,8,0,0
wts40-4-114-125,,0,0,0
wts40-5-114-150,,0,0,0
wts45-5-114-150,,0,0,0
wts50-5-114-150,,0,0,0
wts60-5-114-150,,0,0,0
wtsb15-5-100-150,,110,0,0
wtsb15-5-114-125,,2,0,0
wtsb15-5-114-150,,22,0,0
wtsb20-4-100-125,,11,0,0
wtsb20-5-100-150,,35,0,0
wtsb20-5-114-125,,19,0,0
wtsb20-5-114-150,,8,0,0
wtsb30-4-100-125,,23,0,0
wtsb30-5-100-150,,23,0,0
wtsb30-5-114-125,,15,0,0
wtsb30-5-114-150,,22,0,0
xc0112,,117,0,0
z1070400,,0,0,0
C1071560,,0,0,0
m0979760,,0,0,0
c1068520,,25,0,0
n1045680,,67,0,0
st-104,st-104-1,0,0,0
st-104,st-104-2,0,0,0
st-104,st-104-3,0,0,0
st-104,st-104-4,0,0,0
st-104,st-104-5,0,0,0
n0923910,,6,0,0
q1032020,,21,0,0
o1070020,,214,0,0
kstu15,q1076130,0,0,0
kstu15,q1076200,0,0,0
kstu15,q1076370,0,0,0
q1076510,,108,0,0
q1076440,,0,0,0
q1076060,,10,0,0
q1075900,,0,0,0
hc0110wb,l1077290,0,0,0
hc0110wb,l1077120,0,0,0
q1077360,,0,0,0
d1076750,,37,0,0
collar-001,l1069060,0,0,0
collar-001,l1075760,0,0,0
stbp-001,,61,0,0
stbp-002,,106,0,0
stbp-003,,135,0,0
stbp-004,,58,0,0
stbp-005,,54,0,0
stbp-006,,145,0,0
stbp-007,,134,0,0
stbp-008,,46,0,0
stbp-009,,33,0,0
stbp-010,,162,0,0
stbp-011,,73,0,0
stbp-012,,0,0,0
stbp-013,,198,0,0
stbp-014,,49,0,0
stbp-015,,0,0,0
stbp-016,,218,0,0
stbp-018,,63,0,0
stbp-019,,144,0,0
stbp-020,,30,0,0
stbp-021,,43,0,0
stbp-022,,83,0,0
stbp-024,,11,0,0
stbp-025,,2,0,0
stbp-028,,64,0,0
stbp-030,,9,0,0
stbp-031,,157,0,0
stbp-032,,4,0,0
stbp-033,,0,0,0
stbp-034,,130,0,0
stbp-035,,139,0,0
stbp-036,,0,0,0
stbp-038,,0,0,0
stbp-040,,36,0,0
stbp-041,,48,0,0
stbp-042,,5,0,0
stbp-043,,27,0,0
stbp-044,,48,0,0
stbp-045,,32,0,0
stbp-047,,0,0,0
stbp-048,,0,0,0
stbp-049,,0,0,0
stbp-050,,0,0,0
stbp-051,,6,0,0
stbp-052,,149,0,0
stbp-053,,24,0,0
stbp-055,,31,0,0
stbp-056,,65,0,0
stbp-057,,14,0,0
stbp-058,,48,0,0
stbp-059,,58,0,0
stbp-061,,25,0,0
stbp-062,,87,0,0
stbp-063,,58,0,0
stbp-065,,64,0,0
stbp-071,,39,0,0
stbp-072,,0,0,0
stbp-073,,152,0,0
stbp-074,,50,0,0
stbp-075,,9,0,0
stbp-078,,44,0,0
stbp-079,,44,0,0
stbp-080,,47,0,0
stbp-084,,43,0,0
stbp-085,,131,0,0
stbp-086,,46,0,0
stbp-087,,39,0,0
stbp-088,,97,0,0
stbp-089,,105,0,0
stbp-090,,65,0,0
stbp-091,,16,0,0
stbp-092,,2,0,0
stbp-094,,31,0,0
stbp-098,,40,0,0
stbp-099,,45,0,0
stbp-100,,48,0,0
stbp-101,,48,0,0
stbp-102,,39,0,0
stbp-103,,47,0,0
stbp-104,,30,0,0
stbp-105,,43,0,0
stbp-108,,40,0,0
stbp-109,,37,0,0
stbp-110,,35,0,0
stbp-111,,32,0,0
stbp-112,,47,0,0
stbp-114,,41,0,0
stbp-116,,39,0,0
stbp-117,,5,0,0
stbp-118,,58,0,0
stbp-119,,18,0,0
stbp-123,,29,0,0
stbp-124a,,48,0,0
z1074530,,0,0,0
z1074600,,0,0,0
j1098080,,0,0,0
j1098150,,27,0,0
j1098220,,0,0,0
j1098390,,0,0,0
j1098460,,16,0,0
j1098530,,18,0,0
j1098600,,19,0,0
j1098770,,0,0,0
j1098840,,11,0,0
j1098910,,19,0,0
j1099070,,0,0,0
j1099140,,27,0,0
j1099210,,19,0,0
j1099380,,0,0,0
j1099450,,17,0,0
j1099690,,37,0,0
j1099760,,14,0,0
j1099830,,5,0,0
j1099900,,15,0,0
j1100020,,0,0,0
j1100190,,16,0,0
SLPP-BBON,bonbeige00l,24,0,0
SLPP-BBON,bonbeige00m,15,0,0
SLPP-BBON,bonblack00l,34,0,0
SLPP-BBON,bonblack00m,26,0,0
SLPP-BBON,bonblue00l,21,0,0
SLPP-BBON,bonblue00m,20,0,0
SLPP-FL,spblack00l,0,0,0
SLPP-FL,spblack00m,0,0,0
SLPP-FL,spblack00s,0,0,0
SLPP-FL,spblue00l,0,0,0
SLPP-FL,spblue00m,0,0,0
SLPP-FL,spblue00s,0,0,0
SLPP-FL,sppink00l,0,0,0
SLPP-FL,sppink00m,0,0,0
SLPP-FL,sppink00s,0,0,0
SLPP-FL,sppurple00l,0,0,0
SLPP-FL,sppurple00m,0,0,0
SLPP-FL,sppurple00s,0,0,0
SLPP-FL,spred00l,0,0,0
SLPP-FL,spred00m,0,0,0
SLPP-FL,spred00s,0,0,0
SLPP-FUR,furblack00l,34,0,0
SLPP-FUR,furblack00m,34,0,0
SLPP-FUR,furgray00l,3,0,0
SLPP-FUR,furgray00m,39,0,0
SLPP-FUR,furred00l,37,0,0
SLPP-FUR,furred00m,29,0,0
SLPP-HT,htpink00l,0,0,0
SLPP-HT,htpink00m,0,0,0
SLPP-HT,htpink00s,0,0,0
SLPP-HT,htpurple00l,0,0,0
SLPP-HT,htpurple00m,0,0,0
SLPP-HT,htpurple00s,0,0,0
SLPP-HT,htred00l,0,0,0
SLPP-HT,htred00m,0,0,0
SLPP-HT,htred00s,0,0,0
SLPP-LPR,lprblue00l,26,0,0
SLPP-LPR,lprblue00m,23,0,0
SLPP-LPR,lprblue00s,35,0,0
SLPP-LPR,lprbrown00l,17,0,0
SLPP-LPR,lprbrown00m,18,0,0
SLPP-LPR,lprbrown00s,29,0,0
SLPP-LPR,lprpink00l,17,0,0
SLPP-LPR,lprpink00m,21,0,0
SLPP-LPR,lprpink00s,22,0,0
SLPP-LPR,lprwhite00l,15,0,0
SLPP-LPR,lprwhite00m,25,0,0
SLPP-LPR,lprwhite00s,32,0,0
SLPP-RAB,rabblack00l,0,0,0
SLPP-RAB,rabblack00m,0,0,0
SLPP-RAB,rabblack00s,0,0,0
SLPP-RAB,rabgray00l,0,0,0
SLPP-RAB,rabgray00m,0,0,0
SLPP-RAB,rabgray00s,0,0,0
SLPP-RAB,rabpink00l,0,0,0
SLPP-RAB,rabpink00m,0,0,0
SLPP-RAB,rabpink00s,0,0,0
SLPP-RAB,rabred00l,0,0,0
SLPP-RAB,rabred00m,0,0,0
SLPP-RAB,rabred00s,0,0,0
SLPP-RB,rbblue00l,0,0,0
SLPP-RB,rbblue00m,0,0,0
SLPP-RB,rbblue00s,0,0,0
SLPP-RB,rbpink00l,0,0,0
SLPP-RB,rbpink00m,0,0,0
SLPP-RB,rbpink00s,0,0,0
SLPP-RB,rbred00l,0,0,0
SLPP-RB,rbred00m,0,0,0
SLPP-RB,rbred00s,0,0,0
SLPP-RSTO,rstoblack00l,0,0,0
SLPP-RSTO,rstoblack00m,0,0,0
SLPP-RSTO,rstoblack00s,6,0,0
SLPP-RSTO,rstopink00l,0,0,0
SLPP-RSTO,rstopink00m,6,0,0
SLPP-RSTO,rstopink00s,11,0,0
SLPP-RSTO,rstopurple00l,0,0,0
SLPP-RSTO,rstopurple00m,0,0,0
SLPP-RSTO,rstopurple00s,15,0,0
SLPP-RSTO,rstowhite00l,0,0,0
SLPP-RSTO,rstowhite00m,8,0,0
SLPP-RSTO,rstowhite00s,25,0,0
A1112760,,0,0,0
A1112830,,0,0,0
hand-fork-2000kg-,,8,0,0
c1040870,,11,0,0
j1114050,,44,0,0
j1114050-4,,11,0,0
j1113990,,48,0,0
j1113990-4,,12,0,0
j1114290,,59,0,0
j1114290-4,,14,0,0
j1114360,,52,0,0
j1114360-4,,13,0,0
j1114430,,70,0,0
j1114430-4,,17,0,0
j1114500,,60,0,0
j1114500-4,,15,0,0
j1114740,,50,0,0
j1114740-4,,12,0,0
j1114980,,164,0,0
j1114980-3,,54,0,0
j1115350,,21,0,0
j1115350-3,,7,0,0
j1115420,,52,0,0
j1115420-4,,13,0,0
j1115590,,41,0,0
j1115590-3,,13,0,0
j1115660,,26,0,0
j1115660-4,,6,0,0
j1115730,,52,0,0
j1115730-4,,13,0,0
j1116030,,63,0,0
j1116030-4,,15,0,0
j1116100,,3,0,0
j1116100-4,,0,0,0
j1116270,,42,0,0
j1116270-4,,10,0,0
j1116340,,83,0,0
j1116340-4,,20,0,0
j1116650,,24,0,0
j1116650-4,,6,0,0
j1116720,,26,0,0
j1116720-4,,6,0,0
j1116890,,0,0,0
j1116890-3,,0,0,0
j1116960,,0,0,0
j1116960-4,,0,0,0
j1117020,,13,0,0
j1117020-3,,18,0,0
j1117190,,53,0,0
j1117190-4,,53,0,0
j1117260,,51,0,0
j1117260-4,,12,0,0
j1117330,,0,0,0
j1117330-4,,0,0,0
j1117400,,35,0,0
j1117400-4,,8,0,0
j1117570,,43,0,0
j1117570-4,,10,0,0
j1117640,,28,0,0
j1117640-4,,7,0,0
j1117710,,46,0,0
j1117710-4,,11,0,0
j1117950,,30,0,0
j1117950-4,,7,0,0
j1118010,,48,0,0
j1118010-4,,12,0,0
j1118180,,60,0,0
j1118180-4,,15,0,0
j1118250,,60,0,0
j1118250-4,,15,0,0
j1118320,,2,0,0
j1118320-4,,0,0,0
j1118490,,46,0,0
j1118490-4,,11,0,0
j1118560,,52,0,0
j1118560-4,,13,0,0
j1118630,,2,0,0
j1118630-4,,0,0,0
j1118870,,9,0,0
j1118870-4,,2,0,0
j1118940,,43,0,0
j1118940-4,,10,0,0
j1119000,,14,0,0
j1119000-4,,3,0,0
j1119170,,1,0,0
j1119170-4,,0,0,0
j1119240,,103,0,0
j1119240-4,,25,0,0
j1119310,,20,0,0
j1119310-4,,5,0,0
j1119480,,0,0,0
j1119480-4,,0,0,0
j1119550,,23,0,0
j1119550-4,,5,0,0
j1119790,,48,0,0
j1119790-4,,12,0,0
j1119860,,54,0,0
j1119860-4,,13,0,0
j1119930,,231,0,0
j1119930-3,,77,0,0
j1114500-6,,10,0,0
j1114740-6,,8,0,0
j1118250-6,,10,0,0
j1118490-6,,7,0,0
j1118940-6,,7,0,0
electrowinch4500lbs,c1076820,27,0,0
electrowinch4500lbs,c1076990,3,0,0
n1043220,,100,0,0
st-104-0-2,st-104-1-2,0,0,0
st-104-0-2,st-104-2-2,0,0,0
st-104-0-2,st-104-3-2,0,0,0
st-104-0-2,st-104-4-2,0,0,0
st-104-0-2,st-104-5-2,0,0,0
o1113680,,54,0,0
q1087880,,3,0,0
q1087880-4,,0,0,0
z0967020,,0,0,0
n1032330,,0,0,0
k1041550,,58,0,0
n1121050,,59,0,0
winch-20000,c1077810,53,0,0
winch-20000,c1077980,0,0,0
Y1120990,,0,0,0
J1120370,,11,0,0
J1120440,,74,0,0
J1120510,,46,0,0
J1120680,,58,0,0
J1120750,,44,0,0
J1121290,,48,0,0
J1121360,,18,0,0
nontool-cabin,,0,0,0
dl1510,dl1510bl,0,0,0
dl1510,dl1510re,33,0,0
p1023590,,1,0,0
X1121980,,0,0,0
xmaswd,c1102240,0,0,0
xmaswd,c1102310,10,0,0
xmaswd,c1102480,0,0,0
2019christmasillumi,c1101630,25,0,0
2020christmasillumi,c1101700,25,0,0
2021christmasillumi,c1101940,22,0,0
2022christmasillumi,c1101870,29,0,0
2023christmasillumi,c1102000,31,0,0
2024christmasillumi,c1102170,31,0,0
c1101560,,37,0,0
32m300,c1102790,0,0,0
32m300,c1102550,0,0,0
32m300,c1102860,21,0,0
32m300,c1102620,65,0,0
sb-500-b,,0,0,0
J1113750,,215,0,0
J1113820,,283,0,0
J1114810,,147,0,0
J1115040,,180,0,0
J1113750-3,,71,0,0
J1113820-3,,94,0,0
J1114810-3,,49,0,0
J1115040-3,,60,0,0
lt-dl024-1,O1101250,5,0,0
lt-dl024-1,O1101010,2,0,0
lt-dl024-1,O1101490,19,0,0
lt-dl024-1,O1101180,7,0,0
lt-dl024-1,O1100950,12,0,0
lt-dl024-1,O1101320,11,0,0
stbp-127,,100,0,0
stbp-023,,92,0,0
stbp-039,,97,0,0
spacer-a-086,,4,0,0
spacer-a-087,,0,0,0
dl-1105c,l0974570,0,0,0
dl-1105c,l1061730,8,0,0
frontwheelclamp-stand,l0974400,0,0,0
frontwheelclamp-stand,l1070260,0,0,0
A-94,,5,0,0
A-93,,2,0,0
A-92,,0,0,0
A-91,,0,0,0
A-90,,22,0,0
A-89,,24,0,0
A-88,,3,0,0
nylonsling1t1-5m,,91,0,0
nylonsling1t1-5m2set,,45,0,0
nylonsling1t1-5m4set,,22,0,0
nylonsling1t1-5m10set,,9,0,0
spacer-a-73,,15,0,0
cc-k2d-w-s,,0,0,0
SPACER-A-95,,19,0,0
SPACER-A-96,,1,0,0
SPACER-A-97,,10,0,0
SPACER-A-98,,0,0,0
SPACER-A-99,,0,0,0
SPACER-A-100,,0,0,0
SPACER-A-101,,0,0,0
SPACER-A-102,,0,0,0
SPACER-A-103,,35,0,0
SPACER-A-104,,71,0,0
uf-kf-v,uf-kf-v-2xl,7,0,0
uf-kf-v,uf-kf-v-3xl,0,0,0
uf-kf-v,uf-kf-v-l,0,0,0
uf-kf-v,uf-kf-v-xl,5,0,0
uf-kf-n,uf-kf-n-2xl,0,0,0
uf-kf-n,uf-kf-n-3xl,4,0,0
uf-kf-n,uf-kf-n-l,0,0,0
uf-kf-n,uf-kf-n-xl,0,0,0
uf-kf-h,uf-kf-h-2xl,10,0,0
uf-kf-h,uf-kf-h-3xl,5,0,0
uf-kf-h,uf-kf-h-l,1,0,0
uf-kf-h,uf-kf-h-xl,8,0,0
uf-cm,uf-cm-gy-m,0,0,0
uf-cm,uf-cm-gy-s,0,0,0
uf-cm,uf-cm-gy-ss,0,0,0
uf-cm,uf-cm-bl-m,0,0,0
uf-cm,uf-cm-bl-s,0,0,0
uf-cm,uf-cm-bl-ss,0,0,0
uf-cm,uf-cm-wh-m,0,0,0
uf-cm,uf-cm-wh-s,0,0,0
uf-cm,uf-cm-wh-ss,0,0,0
Z1124260,,0,0,0
o1124020,,213,0,0
a1126000,,96,0,0
k1125940,,26,0,0
st-tn,Z1122660,119,0,0
st-tn,Z1122730,106,0,0
st-tn,Z1122800,101,0,0
st-tn,Z1122970,108,0,0
N1126310,,0,0,0
N1126480,,77,0,0
N1126550,,88,0,0
p1037140,,57,0,0
z1126650,,0,0,0
z1126760,,0,0,0
seat-gh,q1122420,12,0,0
seat-gh,q1122590,32,0,0
N1023730,,87,0,0
N1023660,,0,0,0
k1125630,,0,0,0
k1125870,,0,0,0
k1125700,,40,0,0
a1128150,,30,0,0
J1113130,,38,0,0
J1113200,,0,0,0
J1113370,,6,0,0
J1113440,,36,0,0
J1113510,,32,0,0
elct-winch-60-12,c1022050,20,0,0
elct-winch-60-12,c1128460,22,0,0
l1022120,,2,0,0
C1128600,,6,0,0
l1026490,,0,0,0
a1126240,,0,0,0
X1128530,,0,0,0
Z1126860,,0,0,0
Z1126930,,0,0,0
Z1127090,,0,0,0
Z1127160,,0,0,0
Z1127230,,0,0,0
Z1127300,,0,0,0
Z1127470,,0,0,0
Z1127540,,0,0,0
Z1127610,,0,0,0
Z1127780,,0,0,0
X1128910,,0,0,0
ST-101,L1068900,0,0,0
ST-101,L1068830,0,0,0
ST-101,l1069370,0,0,0
ST-101,l1069200,0,0,0
dl0502s,,36,0,0
roomslipper-sunflower,S1135080,0,0,0
roomslipper-sunflower,S1135150,2,0,0
roomslipper-sunflower,S1135220,1,0,0
roomslipper-sunflower,S1135390,0,0,0
roomslipper-sunflower,S1135460,0,0,0
roomslipper-sunflower,S1135530,1,0,0
roomslipper-sunflower,S1135600,3,0,0
roomslipper-sunflower,S1135770,3,0,0
roomslipper-sunflower,S1135840,0,0,0
roomslipper-sunflower,S1135910,1,0,0
roomslipper-sunflower,S1136070,0,0,0
roomslipper-sunflower,S1136140,0,0,0
roomslipper-sunflower,S1136210,0,0,0
roomslipper-sunflower,S1136380,1,0,0
roomslipper-sunflower,S1136450,0,0,0
roomslipper-border,S1136520,1,0,0
roomslipper-border,S1136690,0,0,0
roomslipper-border,S1136760,0,0,0
roomslipper-border,S1136830,1,0,0
roomslipper-border,S1136900,3,0,0
roomslipper-border,S1137060,4,0,0
roomslipper-border,S1137130,2,0,0
roomslipper-border,S1137200,6,0,0
roomslipper-border,S1137370,0,0,0
roomslipper-border,S1137440,1,0,0
roomslipper-lajaja,S1137510,1,0,0
roomslipper-lajaja,S1137680,0,0,0
roomslipper-lajaja,S1137750,1,0,0
roomslipper-lajaja,S1137820,0,0,0
roomslipper-lajaja,S1137990,1,0,0
roomslipper-lajaja,S1138050,2,0,0
roomslipper-lajaja,S1138120,3,0,0
roomslipper-lajaja,S1138290,3,0,0
roomslipper-lajaja,S1138360,4,0,0
roomslipper-lajaja,S1138430,4,0,0
roomslipper-lajaja,S1138500,2,0,0
roomslipper-lajaja,S1138670,0,0,0
roomslipper-lajaja,S1138740,1,0,0
roomslipper-bonmouse,S1138810,0,0,0
roomslipper-bonmouse,S1138980,0,0,0
roomslipper-bonmouse,S1139040,0,0,0
roomslipper-bonmouse,S1139110,0,0,0
roomslipper-bonmouse,S1139280,0,0,0
roomslipper-bonmouse,S1139350,0,0,0
roomslipper-bonmouse,S1139420,0,0,0
roomslipper-bonmouse,S1139590,0,0,0
roomslipper-bonmouse,S1139660,0,0,0
roomslipper-bonmouse,S1139730,0,0,0
roomslipper-bonmouse,S1139800,0,0,0
roomslipper-bonmouse,S1139970,0,0,0
roomslipper-earfur,S1140000,1,0,0
roomslipper-earfur,S1141160,0,0,0
roomslipper-earfur,S1141230,0,0,0
roomslipper-earfur,S1141300,1,0,0
roomslipper-earfur,S1141470,1,0,0
roomslipper-earfur,S1141540,0,0,0
roomslipper-earfur,S1141610,1,0,0
roomslipper-earfur,S1141780,0,0,0
roomslipper-earfur,S1141850,0,0,0
roomslipper-furibon,S1141920,1,0,0
roomslipper-furibon,S1142080,0,0,0
roomslipper-furibon,S1142150,0,0,0
roomslipper-furibon,S1142220,19,0,0
roomslipper-furibon,S1142390,0,0,0
roomslipper-furibon,S1142460,0,0,0
roomslipper-furibon,S1142530,1,0,0
roomslipper-furibon,S1142600,1,0,0
roomslipper-furibon,S1142770,0,0,0
roomslipper-tailcat,S1142840,0,0,0
roomslipper-tailcat,S1142910,0,0,0
roomslipper-tailcat,S1143070,0,0,0
roomslipper-tailcat,S1143140,0,0,0
roomslipper-tailcat,S1143210,0,0,0
roomslipper-tailcat,S1143380,0,0,0
roomslipper-tailcat,S1143450,0,0,0
roomslipper-tailcat,S1143520,0,0,0
roomslipper-tailcat,S1143690,0,0,0
roomslipper-fucat,S1143760,1,0,0
roomslipper-fucat,S1143830,0,0,0
roomslipper-fucat,S1143900,0,0,0
roomslipper-fucat,S1144060,0,0,0
roomslipper-fucat,S1144130,0,0,0
roomslipper-fucat,S1144200,1,0,0
roomslipper-fucat,S1144370,0,0,0
roomslipper-fucat,S1144440,0,0,0
roomslipper-fucat,S1144510,1,0,0
roomslipper-fucat,S1144680,0,0,0
roomslipper-fucat,S1144750,0,0,0
roomslipper-flower,S1144820,4,0,0
roomslipper-flower,S1144990,2,0,0
roomslipper-flower,S1145050,0,0,0
roomslipper-flower,S1145120,0,0,0
roomslipper-flower,S1145290,0,0,0
roomslipper-flower,S1145360,1,0,0
roomslipper-flower,S1145430,1,0,0
roomslipper-flower,S1145500,1,0,0
roomslipper-flower,S1145670,2,0,0
roomslipper-earbon,S1145740,1,0,0
roomslipper-earbon,S1145810,0,0,0
roomslipper-earbon,S1145980,3,0,0
roomslipper-earbon,S1146040,0,0,0
roomslipper-earbon,S1146110,0,0,0
roomslipper-earbon,S1146280,1,0,0
roomslipper-earbon,S1146350,1,0,0
roomslipper-earbon,S1146420,0,0,0
roomslipper-earbon,S1146590,1,0,0
roomslipper-alpaca,S1146660,8,0,0
roomslipper-alpaca,S1146730,18,0,0
roomslipper-alpaca,S1146800,2,0,0
roomslipper-alpaca,S1146970,2,0,0
roomslipper-alpaca,S1147030,0,0,0
roomslipper-alpaca,S1147100,0,0,0
roomslipper-alpaca,S1147270,6,0,0
roomslipper-alpaca,S1147340,7,0,0
roomslipper-alpaca,S1147410,2,0,0
roomslipper-alpaca,S1147580,2,0,0
roomslipper-alpaca,S1147650,2,0,0
roomslipper-dog,S1147720,4,0,0
roomslipper-dog,S1147890,0,0,0
roomslipper-dog,S1147960,2,0,0
roomslipper-dog,S1148020,3,0,0
roomslipper-dog,S1148190,1,0,0
roomslipper-dog,S1148260,1,0,0
roomslipper-dog,S1148330,4,0,0
roomslipper-dog,S1148400,0,0,0
roomslipper-dog,S1148570,1,0,0
roomslipper-dog,S1148640,3,0,0
roomslipper-dog,S1148710,0,0,0
roomslipper-dog,S1148880,0,0,0
roomslipper-plaid,S1148950,2,0,0
roomslipper-plaid,S1149010,0,0,0
roomslipper-plaid,S1149180,0,0,0
roomslipper-plaid,S1149250,3,0,0
roomslipper-plaid,S1149320,0,0,0
roomslipper-plaid,S1149490,1,0,0
roomslipper-plaid,S1149560,6,0,0
roomslipper-plaid,S1149630,0,0,0
roomslipper-plaid,S1149700,0,0,0
roomslipper-msm,S1149870,5,0,0
roomslipper-msm,S1149940,0,0,0
roomslipper-msm,S1150070,0,0,0
roomslipper-msm,S1150140,1,0,0
roomslipper-msm,S1150210,0,0,0
roomslipper-msm,S1150380,0,0,0
roomslipper-msm,S1150450,1,0,0
roomslipper-msm,S1150520,0,0,0
roomslipper-msm,S1150690,0,0,0
CL-S028,A1151130,0,0,0
CL-S028,A1151200,0,0,0
CL-S029,A1151370,0,0,0
CL-S029,A1151440,0,0,0
CL-S0104,A1151820,26,0,0
CL-S0104,A1151990,40,0,0
CL-S0104,A1152050,42,0,0
A1164620,,258,0,0
A1164930,,97,0,0
A1164860,,0,0,0
A1164790,,0,0,0
A1152120,,10,0,0
A1152290,,0,0,0
A1152360,,0,0,0
A1152430,,88,0,0
A1152670,,0,0,0
A1160730,,9,0,0
A1160800,,15,0,0
A1161030,,81,0,0
A1152050,,42,0,0
A1151990,,40,0,0
A1151820,,26,0,0
A1161100,,0,0,0
A1161650,,73,0,0
A1152740,,27,0,0
A1152810,,0,0,0
A1153040,,95,0,0
A1153110,,66,0,0
A1153350,,76,0,0
A1153420,,75,0,0
A1153800,,11,0,0
A1153970,,23,0,0
A1154030,,84,0,0
A1154270,,2,0,0
A1151130,,0,0,0
A1151200,,0,0,0
A1151440,,0,0,0
A1151370,,0,0,0
A1154340,,0,0,0
A1154410,,82,0,0
A1154580,,19,0,0
A1154650,,0,0,0
A1154720,,35,0,0
A1154960,,63,0,0
A1155400,,0,0,0
A1155570,,51,0,0
A1155640,,74,0,0
A1155710,,55,0,0
L1150760,,9,0,0
A1155880,,59,0,0
A1156010,,594,0,0
A1156180,,41,0,0
A1156250,,0,0,0
A1156320,,35,0,0
A1156490,,63,0,0
A1150900,,38,0,0
A1156560,,100,0,0
A1156630,,28,0,0
A1156700,,0,0,0
A1156870,,1,0,0
A1157170,,91,0,0
A1157310,,0,0,0
A1157550,,75,0,0
A1157620,,74,0,0
A1157790,,48,0,0
A1157930,,37,0,0
A1158090,,124,0,0
A1151510,,0,0,0
A1151060,,0,0,0
A1158160,,0,0,0
A1158230,,41,0,0
A1158300,,0,0,0
A1158470,,87,0,0
A1158540,,10,0,0
A1158610,,54,0,0
A1158780,,0,0,0
A1159910,,53,0,0
A1160040,,7,0,0
A1160110,,39,0,0
A1160280,,2,0,0
A1160350,,219,0,0
A1160590,,63,0,0
A1160660,,18,0,0
A1160420,,26,0,0
A1163250,,0,0,0
A1152500,,129,0,0
A1151750,,52,0,0
A1152980,,75,0,0
A1153280,,58,0,0
A1153590,,0,0,0
A1153660,,0,0,0
A1153730,,0,0,0
A1154100,,0,0,0
A1155020,,0,0,0
A1155190,,12,0,0
A1155260,,43,0,0
A1157860,,0,0,0
A1159770,,14,0,0
A1159840,,7,0,0
A1151680,,0,0,0
A1160970,,0,0,0
A1161270,,0,0,0
A1161340,,0,0,0
A1161410,,3,0,0
A1161580,,71,0,0
A1154890,,8,0,0
A1155330,,0,0,0
A1150830,,0,0,0
A1155950,,20,0,0
A1156940,,183,0,0
A1157000,,0,0,0
A1157240,,20,0,0
A1157480,,85,0,0
A1158920,,31,0,0
A1158850,,102,0,0
A1159080,,52,0,0
A1159220,,0,0,0
A1159600,,16,0,0
A1159460,,12,0,0
A1159390,,19,0,0
A1159530,,73,0,0
A1159150,,63,0,0
A1162020,,39,0,0
A1162190,,68,0,0
A1162260,,21,0,0
A1163560,,13,0,0
A1162330,,23,0,0
A1164240,,6,0,0
A1164310,,2,0,0
A1164480,,0,0,0
A1164550,,0,0,0
A1162400,,57,0,0
A1163320,,0,0,0
A1163630,,6,0,0
A1162570,,0,0,0
A1162640,,33,0,0
A1162710,,48,0,0
A1162880,,84,0,0
A1162950,,69,0,0
A1163010,,65,0,0
A1163700,,85,0,0
A1163870,,82,0,0
A1163940,,9,0,0
A1164000,,12,0,0
A1164170,,13,0,0
A1163180,,0,0,0
x1165230,,148,0,0
x1165300,,130,0,0
x1165470,,10,0,0
x1165540,,56,0,0
a1161270-2,,0,0,0
a1161340-2,,0,0,0
a1161410-2,,1,0,0
a1161580-2,,35,0,0
a1161270-4,,0,0,0
a1161340-4,,0,0,0
a1161410-4,,0,0,0
a1161580-4,,17,0,0
x1168750,,106,0,0
N1167830,,60,0,0
N1167900,,47,0,0
N1168060,,38,0,0
N1168130,,24,0,0
N1168200,,0,0,0
N1168370,,40,0,0
N1168440,,99,0,0
N1168510,,34,0,0
N1168680,,30,0,0
Z0975700,,12,0,0
Z0975630,,6,0,0
k1126170,,36,0,0
Z1169050,,75,0,0
k0972490,,3,0,0
q1167380,,0,0,0
q1167450,,56,0,0
a1166150,,0,0,0
a1166080,,0,0,0
y1120990-3,,0,0,0
x1128840,,40,0,0
q1134540,,0,0,0
q1134540-4,,0,0,0
q0962470,,0,0,0
z0962900,,40,0,0
q0966270,,0,0,0
l0963820,,36,0,0
x1032330,,0,0,0
lt-dl024,,27,0,0
winch17000,c1070570,0,0,0
winch17000,c1077740,0,0,0
c1121430,,69,0,0
l1075450,,0,0,0
spacer-a-37,,78,0,0
spacer-a-58,,146,0,0
spacer-a-72,,14,0,0
spacer-a-76,,82,0,0
spacer-a-86,,4,0,0
spacer-a-38,,86,0,0
spacer-a-39,,30,0,0
spacer-a-46,,112,0,0
spacer-a-59,,106,0,0
spacer-a-51,,58,0,0
spacer-a-52,,34,0,0
spacer-a-53,,72,0,0
spacer-a-56,,20,0,0
spacer-a-57,,64,0,0
spacer-a-60,,0,0,0
c1071700,,0,0,0
l1071630,,0,0,0
j1113060,,2,0,0
j1114740-8,,50,0,0
j1117020-2,,54,0,0
z1127920,,1,0,0
X1040490,,19,0,0
x0958040,,68,0,0
A1173911,,331,0,0
A1173912,,131,0,0
A1172850,,40,0,0
A1172920,,0,0,0
A1173080,,0,0,0
YZ-1012,A1173150,43,0,0
YZ-1012,A1173220,25,0,0
YZ-1012,A1173390,45,0,0
YZ-1012,A1173460,61,0,0
YZ-1012,A1173530,68,0,0
YZ-1012,A1173600,35,0,0
YZ-1012,A1173770,167,0,0
YZ-1012,A1173840,148,0,0
A1173910,,0,0,0
CCAR-15354,C1172090,0,0,0
CCAR-15354,C1172470,0,0,0
CCAR-15355,C1172160,0,0,0
CCAR-15355,C1172540,0,0,0
CCAR-15356,C1172230,0,0,0
CCAR-15356,C1172610,0,0,0
CCAR-15357,C1172300,0,0,0
CCAR-15357,C1172780,0,0,0
C1169740,,0,0,0
C1169810,,0,0,0
L1167520,,0,0,0
L1167690,,0,0,0
L1167760,,0,0,0
K1171860,,0,0,0
A1171000,,199,0,0
A1171170,,0,0,0
A1171240,,116,0,0
A1171310,,170,0,0
A1171480,,257,0,0
A1171550,,0,0,0
A1171620,,22,0,0
A1171790,,0,0,0
S1169360,,54,0,0
S1169430,,39,0,0
S1168510,,14,0,0
S1178960,,3,0,0
A1170010,,69,0,0
A1170180,,91,0,0
A1170250,,96,0,0
A1170320,,3,0,0
A1170490,,18,0,0
A1170560,,0,0,0
L1169980,,0,0,0
L1169670,,15,0,0
Z1169120,,40,0,0
Z1169290,,58,0,0
cl-s091,a1159080,52,0,0
cl-s091,a1159220,0,0,0
cl-s091,a1159600,16,0,0
cl-s091,a1159460,12,0,0
cl-s091,a1159390,19,0,0
cl-s091,a1159530,73,0,0
cl-s091,a1159150,58,0,0
C1175200,,20,0,0
cl-s094a,a1159910,53,0,0
cl-s094a,a1160040,7,0,0
cl-s094a,a1160110,39,0,0
52m500,c1102930,0,0,0
52m500,c1103090,0,0,0
52m500,c1103160,0,0,0
a1165610,,0,0,0
a1173770,,167,0,0
a1173840,,148,0,0
bikeJackiestand8,k0975870,0,0,0
bikeJackiestand8,k1128390,11,0,0
cl-s088rd,a1158780,0,0,0
cl-s088rd,a1158850,102,0,0
cl-s088rd,a1158920,31,0,0
cl-s098,a1160420,26,0,0
cl-s098,a1160590,63,0,0
cl-s098,a1160660,18,0,0
o1174830,,17,0,0
q0976480,,5,0,0
q1075830,,0,0,0
sns-c1,l1174210,0,0,0
sns-c1,l1174211,0,0,0
sns-c1,l1174212,0,0,0
yy-001,a1170010,69,0,0
06prs-atch-set,,0,0,0
0620-atch-set,,0,0,0
20prsa-atch-set,,0,0,0
12-prs-re-atch-set,,0,0,0
10prs-atch-set,,0,0,0
r-cutter-set,,0,0,0
kusakari-tip-set2,,2,0,0
kusakari-tipb-set2,,68,0,0
kusakari-tip-set1,,68,0,0
kusakari-tipb-set1,,66,0,0
box-k005-2-set1,,0,0,0
box-k005-2-set2,,0,0,0
box-k005-set1,,0,0,0
box-k005-set2,,0,0,0
box-k004-set1,,0,0,0
box-k004-set2,,0,0,0
mani-and-pump2,,13,0,0
mani-and-pump,,13,0,0
sr146-and-163,,0,0,0
sr144-and-163,,0,0,0
sr145-and-163,,0,0,0
ccar-15351-d-bag,,0,0,0
ccar-15351-d-net,,0,0,0
hitch-pin-key,,182,0,0
chainsaw30cc-bset,,0,0,0
lt-dl003-f25,,0,0,0
lopelight-mix-flash,,9,0,0
lopelight-white-flash,,0,0,0
lopelight-blue-flash,,0,0,0
lopelight-pink-flash,,18,0,0
lopelight-purple-flash,,44,0,0
lopelight-green-flash,,20,0,0
lopelight-yellow-flash,,0,0,0
tsume-and-heat,,82,0,0
yy-kh03,set-kh03re158,0,0,0
yy-kh03,set-kh03gy158,0,0,0
flaring-3item-setb,,13,0,0
flaring-3item-seta,,13,0,0
uf-cm,uf-cm-wh,0,0,0
uf-cm,uf-cm-gy,0,0,0
uf-cm,uf-cm-bl,0,0,0
flaring-4item-setb,,13,0,0
flaring-4item-seta,,13,0,0
cl-s090,a1163700,85,0,0
cl-s090,a1163870,82,0,0
cl-s092,a1163940,9,0,0
cl-s092,a1164000,12,0,0
cl-s092,a1164170,13,0,0
cl-s093,a1159770,14,0,0
cl-s093,a1159840,12,0,0
cl-s112,a1164620,258,0,0
cl-s112,a1164790,0,0,0
cl-s112,a1164860,0,0,0
cl-s112,a1164930,97,0,0
cl-s112,A1165850,8,0,0
cl-s112,A1165920,11,0,0
CS-75,x1128530,0,0,0
CS-75,x1128910,0,0,0
CS-75,x1163490,21,0,0
ledfwb,c1103230,0,0,0
ledfwb,c1103540,0,0,0
ledfws,c1103300,0,0,0
ledfws,c1103470,0,0,0
yy-kh03,x1167070,0,0,0
yy-kh03,x1167140,0,0,0
CL-S028,A1163320,0,0,0
stlb-02,l1167520,0,0,0
stlb-02,l1167690,0,0,0
stlb-02,l1167760,0,0,0
Z1175370,,0,0,0
a1165780,,49,0,0
cl-s115,A1165850,8,0,0
cl-s115,A1165920,11,0,0
lifebuoy,Z1058480,4,0,0
lifebuoy,Z1058550,36,0,0
lifebuoy,Z1058620,8,0,0
lifebuoy,Z1058790,0,0,0
lifebuoy,Z1058860,112,0,0
lifebuoy,Z1058930,6,0,0
lifebuoy,Z1059090,0,0,0
lifebuoy,Z1059160,0,0,0
lifebuoy,Z1059230,149,0,0
l1170870,,40,0,0
C0802170,,22,0,0
z1176980,,599,0,0
z1176050,,3,0,0
c1176290,,5,0,0
c1176290-2,,2,0,0
c1176290-4,,1,0,0
c1176290-10,,0,0,0
L1178030,,0,0,0
L1178100,,62,0,0
L1178270,,0,0,0
L1178340,,0,0,0
L1178410,,0,0,0
L1178580,,101,0,0
L1178650,,161,0,0
l1178650-sale,,161,0,0
l1178030-sale,,0,0,0
z1176050-sale,,3,0,0
MISSION-LIFT-SALE,,0,0,0
a1161100-sale,,0,0,0
hot-car-sheet-sale,L1178100-SALE,62,0,0
hot-car-sheet-sale,L1178270-SALE,0,0,0
hot-car-sheet-sale,L1178340-SALE,0,0,0
hot-car-sheet-sale,L1178410-SALE,0,0,0
hot-car-sheet-sale,L1178580-SALE,101,0,0
electrowinch4500lbs-sale,C1076820-SALE,27,0,0
electrowinch4500lbs-sale,C1076990-SALE,3,0,0
st-tn-sale,Z1122660-SALE,119,0,0
st-tn-sale,Z1122730-SALE,106,0,0
st-tn-sale,Z1122800-SALE,101,0,0
st-tn-sale,Z1122970-SALE,108,0,0
a1177110,,134,0,0
hot-car-sheet,L1178100,62,0,0
hot-car-sheet,L1178270,0,0,0
hot-car-sheet,L1178340,0,0,0
hot-car-sheet,L1178410,0,0,0
hot-car-sheet,L1178580,101,0,0
y1120990-2,,0,0,0
a1179950,,1,0,0
n1179640,,34,0,0
a1179330,,1,0,0
a1179330-2,,0,0,0
a1179400,,0,0,0
roomslipper-alpaca,arupaka-pink-l-0,0,0,0
roomslipper-alpaca,S1146660,8,0,0
roomslipper-alpaca,S1146730,18,0,0
roomslipper-alpaca,S1146800,2,0,0
roomslipper-alpaca,S1146970,2,0,0
roomslipper-alpaca,S1147030,0,0,0
roomslipper-alpaca,S1147100,0,0,0
roomslipper-alpaca,S1147270,6,0,0
roomslipper-alpaca,S1147340,7,0,0
roomslipper-alpaca,S1147410,2,0,0
roomslipper-alpaca,S1147580,2,0,0
roomslipper-alpaca,S1147650,2,0,0
roomslipper-bonmouse,S1138810,0,0,0
roomslipper-bonmouse,S1138980,0,0,0
roomslipper-bonmouse,S1139040,0,0,0
roomslipper-bonmouse,S1139110,0,0,0
roomslipper-bonmouse,S1139280,0,0,0
roomslipper-bonmouse,S1139350,0,0,0
roomslipper-bonmouse,S1139420,0,0,0
roomslipper-bonmouse,S1139590,0,0,0
roomslipper-bonmouse,S1139660,0,0,0
roomslipper-bonmouse,S1139730,0,0,0
roomslipper-bonmouse,S1139800,0,0,0
roomslipper-bonmouse,S1139970,0,0,0
roomslipper-border,border-brown-l-0,0,0,0
roomslipper-border,border-brown-m-0,0,0,0
roomslipper-border,border-brown-s-0,0,0,0
roomslipper-border,border-gray-l-0,0,0,0
roomslipper-border,border-gray-m-0,0,0,0
roomslipper-border,border-gray-s-0,0,0,0
roomslipper-border,border-pink-2l-0,0,0,0
roomslipper-border,border-pink-3l-0,0,0,0
roomslipper-border,border-red-2l-0,0,0,0
roomslipper-border,border-red-3l-0,0,0,0
roomslipper-border,S1136520,1,0,0
roomslipper-border,S1136690,0,0,0
roomslipper-border,S1136760,0,0,0
roomslipper-border,S1136830,1,0,0
roomslipper-border,S1136900,3,0,0
roomslipper-border,S1137060,4,0,0
roomslipper-border,S1137130,2,0,0
roomslipper-border,S1137200,6,0,0
roomslipper-border,S1137370,0,0,0
roomslipper-border,S1137440,1,0,0
roomslipper-dog,S1147720,4,0,0
roomslipper-dog,S1147890,0,0,0
roomslipper-dog,S1147960,2,0,0
roomslipper-dog,S1148020,3,0,0
roomslipper-dog,S1148190,1,0,0
roomslipper-dog,S1148260,1,0,0
roomslipper-dog,S1148330,4,0,0
roomslipper-dog,S1148400,0,0,0
roomslipper-dog,S1148570,1,0,0
roomslipper-dog,S1148640,3,0,0
roomslipper-dog,S1148710,0,0,0
roomslipper-dog,S1148880,0,0,0
roomslipper-earbon,earbon-gray-l-0,0,0,0
roomslipper-earbon,earbon-pink-l-0,0,0,0
roomslipper-earbon,earbon-pink-s-0,0,0,0
roomslipper-earbon,S1145740,1,0,0
roomslipper-earbon,S1145810,0,0,0
roomslipper-earbon,S1145980,3,0,0
roomslipper-earbon,S1146040,0,0,0
roomslipper-earbon,S1146110,0,0,0
roomslipper-earbon,S1146280,1,0,0
roomslipper-earbon,S1146350,1,0,0
roomslipper-earbon,S1146420,0,0,0
roomslipper-earbon,S1146590,1,0,0
roomslipper-earfur,earfur-pink-m-0,0,0,0
roomslipper-earfur,earfur-pink-s-0,0,0,0
roomslipper-earfur,earfur-red-s-0,0,0,0
roomslipper-earfur,S1140000,1,0,0
roomslipper-earfur,S1141160,0,0,0
roomslipper-earfur,S1141230,0,0,0
roomslipper-earfur,S1141300,1,0,0
roomslipper-earfur,S1141470,1,0,0
roomslipper-earfur,S1141540,0,0,0
roomslipper-earfur,S1141610,1,0,0
roomslipper-earfur,S1141780,0,0,0
roomslipper-earfur,S1141850,0,0,0
roomslipper-flower,S1144820,4,0,0
roomslipper-flower,S1144990,2,0,0
roomslipper-flower,S1145050,0,0,0
roomslipper-flower,S1145120,0,0,0
roomslipper-flower,S1145290,0,0,0
roomslipper-flower,S1145360,1,0,0
roomslipper-flower,S1145430,1,0,0
roomslipper-flower,S1145500,1,0,0
roomslipper-flower,S1145670,2,0,0
roomslipper-fucat,fucat-pink-s-0,0,0,0
roomslipper-fucat,S1143760,1,0,0
roomslipper-fucat,S1143830,0,0,0
roomslipper-fucat,S1143900,0,0,0
roomslipper-fucat,S1144060,0,0,0
roomslipper-fucat,S1144130,0,0,0
roomslipper-fucat,S1144200,1,0,0
roomslipper-fucat,S1144370,0,0,0
roomslipper-fucat,S1144440,0,0,0
roomslipper-fucat,S1144510,1,0,0
roomslipper-fucat,S1144680,0,0,0
roomslipper-fucat,S1144750,0,0,0
roomslipper-furibon,furribon-gray-s-0,0,0,0
roomslipper-furibon,furribon-parple-m-0,0,0,0
roomslipper-furibon,furribon-pink-s-0,0,0,0
roomslipper-furibon,S1141920,1,0,0
roomslipper-furibon,S1142080,0,0,0
roomslipper-furibon,S1142150,0,0,0
roomslipper-furibon,S1142220,19,0,0
roomslipper-furibon,S1142390,0,0,0
roomslipper-furibon,S1142460,0,0,0
roomslipper-furibon,S1142530,1,0,0
roomslipper-furibon,S1142600,1,0,0
roomslipper-furibon,S1142770,0,0,0
roomslipper-lajaja,jajaja-brown-l-0,0,0,0
roomslipper-lajaja,jajaja-brown-m-0,0,0,0
roomslipper-lajaja,jajaja-brown-s-0,0,0,0
roomslipper-lajaja,jajaja-gray-l-0,0,0,0
roomslipper-lajaja,jajaja-gray-m-0,0,0,0
roomslipper-lajaja,jajaja-gray-s-0,0,0,0
roomslipper-lajaja,jajaja-parple-2l-0,0,0,0
roomslipper-lajaja,jajaja-parple-3l-0,0,0,0
roomslipper-lajaja,jajaja-pink-2l-0,0,0,0
roomslipper-lajaja,jajaja-pink-3l-0,0,0,0
roomslipper-lajaja,jajaja-red-2l-0,0,0,0
roomslipper-lajaja,jajaja-red-3l-0,0,0,0
roomslipper-lajaja,S1137510,1,0,0
roomslipper-lajaja,S1137680,0,0,0
roomslipper-lajaja,S1137750,1,0,0
roomslipper-lajaja,S1137820,0,0,0
roomslipper-lajaja,S1137990,1,0,0
roomslipper-lajaja,S1138050,2,0,0
roomslipper-lajaja,S1138120,3,0,0
roomslipper-lajaja,S1138290,3,0,0
roomslipper-lajaja,S1138360,4,0,0
roomslipper-lajaja,S1138430,4,0,0
roomslipper-lajaja,S1138500,2,0,0
roomslipper-lajaja,S1138670,0,0,0
roomslipper-lajaja,S1138740,1,0,0
roomslipper-msm,S1149870,5,0,0
roomslipper-msm,S1149940,0,0,0
roomslipper-msm,S1150070,0,0,0
roomslipper-msm,S1150140,1,0,0
roomslipper-msm,S1150210,0,0,0
roomslipper-msm,S1150380,0,0,0
roomslipper-msm,S1150450,1,0,0
roomslipper-msm,S1150520,0,0,0
roomslipper-msm,S1150690,0,0,0
roomslipper-plaid,S1148950,2,0,0
roomslipper-plaid,S1149010,0,0,0
roomslipper-plaid,S1149180,0,0,0
roomslipper-plaid,S1149250,3,0,0
roomslipper-plaid,S1149320,0,0,0
roomslipper-plaid,S1149490,1,0,0
roomslipper-plaid,S1149560,6,0,0
roomslipper-plaid,S1149630,0,0,0
roomslipper-plaid,S1149700,0,0,0
roomslipper-sunflower,S1135080,0,0,0
roomslipper-sunflower,S1135150,2,0,0
roomslipper-sunflower,S1135220,1,0,0
roomslipper-sunflower,S1135390,0,0,0
roomslipper-sunflower,S1135460,0,0,0
roomslipper-sunflower,S1135530,1,0,0
roomslipper-sunflower,S1135600,3,0,0
roomslipper-sunflower,S1135770,3,0,0
roomslipper-sunflower,S1135840,0,0,0
roomslipper-sunflower,S1135910,1,0,0
roomslipper-sunflower,S1136070,0,0,0
roomslipper-sunflower,S1136140,0,0,0
roomslipper-sunflower,S1136210,0,0,0
roomslipper-sunflower,S1136380,1,0,0
roomslipper-sunflower,S1136450,0,0,0
roomslipper-sunflower,sunflower-brown-m-0,0,0,0
roomslipper-sunflower,sunflower-brown-s-0,0,0,0
roomslipper-sunflower,sunflower-gray-m-0,0,0,0
roomslipper-sunflower,sunflower-gray-s-0,0,0,0
roomslipper-sunflower,sunflower-pink-2l-0,0,0,0
roomslipper-sunflower,sunflower-pink-3l-0,0,0,0
roomslipper-sunflower,sunflower-red-2l-0,0,0,0
roomslipper-sunflower,sunflower-red-3l-0,0,0,0
roomslipper-sunflower,sunflower-yelow-2l-0,0,0,0
roomslipper-sunflower,sunflower-yelow-3l-0,0,0,0
roomslipper-tailcat,S1142840,0,0,0
roomslipper-tailcat,S1142910,0,0,0
roomslipper-tailcat,S1143070,0,0,0
roomslipper-tailcat,S1143140,0,0,0
roomslipper-tailcat,S1143210,0,0,0
roomslipper-tailcat,S1143380,0,0,0
roomslipper-tailcat,S1143450,0,0,0
roomslipper-tailcat,S1143520,0,0,0
roomslipper-tailcat,S1143690,0,0,0
roomslipper-tailcat,tailcoat-gray-s-0,0,0,0
roomslipper-tailcat,tailcoat-pink-m-0,0,0,0
roomslipper-tailcat,tailcoat-red-l-0,0,0,0
SLPP-BBON,bonbeige00l,24,0,0
SLPP-BBON,bonbeige00m,15,0,0
SLPP-BBON,bonblack00l,34,0,0
SLPP-BBON,bonblack00m,26,0,0
SLPP-BBON,bonblue00l,21,0,0
SLPP-BBON,bonblue00m,20,0,0
SLPP-FL,spblack00l,0,0,0
SLPP-FL,spblack00m,0,0,0
SLPP-FL,spblack00s,0,0,0
SLPP-FL,spblue00l,0,0,0
SLPP-FL,spblue00m,0,0,0
SLPP-FL,spblue00s,0,0,0
SLPP-FL,sppink00l,0,0,0
SLPP-FL,sppink00m,0,0,0
SLPP-FL,sppink00s,0,0,0
SLPP-FL,sppurple00l,0,0,0
SLPP-FL,sppurple00m,0,0,0
SLPP-FL,sppurple00s,0,0,0
SLPP-FL,spred00l,0,0,0
SLPP-FL,spred00m,0,0,0
SLPP-FL,spred00s,0,0,0
SLPP-FUR,furblack00l,34,0,0
SLPP-FUR,furblack00m,34,0,0
SLPP-FUR,furgray00l,3,0,0
SLPP-FUR,furgray00m,39,0,0
SLPP-FUR,furred00l,37,0,0
SLPP-FUR,furred00m,29,0,0
SLPP-HT,htpink00l,0,0,0
SLPP-HT,htpink00m,0,0,0
SLPP-HT,htpink00s,0,0,0
SLPP-HT,htpurple00l,0,0,0
SLPP-HT,htpurple00m,0,0,0
SLPP-HT,htpurple00s,0,0,0
SLPP-HT,htred00l,0,0,0
SLPP-HT,htred00m,0,0,0
SLPP-HT,htred00s,0,0,0
SLPP-LPR,lprblue00l,26,0,0
SLPP-LPR,lprblue00m,23,0,0
SLPP-LPR,lprblue00s,35,0,0
SLPP-LPR,lprbrown00l,17,0,0
SLPP-LPR,lprbrown00m,18,0,0
SLPP-LPR,lprbrown00s,29,0,0
SLPP-LPR,lprpink00l,17,0,0
SLPP-LPR,lprpink00m,21,0,0
SLPP-LPR,lprpink00s,22,0,0
SLPP-LPR,lprwhite00l,15,0,0
SLPP-LPR,lprwhite00m,25,0,0
SLPP-LPR,lprwhite00s,32,0,0
SLPP-RAB,rabblack00l,0,0,0
SLPP-RAB,rabblack00m,0,0,0
SLPP-RAB,rabblack00s,0,0,0
SLPP-RAB,rabgray00l,0,0,0
SLPP-RAB,rabgray00m,0,0,0
SLPP-RAB,rabgray00s,0,0,0
SLPP-RAB,rabpink00l,0,0,0
SLPP-RAB,rabpink00m,0,0,0
SLPP-RAB,rabpink00s,0,0,0
SLPP-RAB,rabred00l,0,0,0
SLPP-RAB,rabred00m,0,0,0
SLPP-RAB,rabred00s,0,0,0
SLPP-RB,rbblue00l,0,0,0
SLPP-RB,rbblue00m,0,0,0
SLPP-RB,rbblue00s,0,0,0
SLPP-RB,rbpink00l,0,0,0
SLPP-RB,rbpink00m,0,0,0
SLPP-RB,rbpink00s,0,0,0
SLPP-RB,rbred00l,0,0,0
SLPP-RB,rbred00m,0,0,0
SLPP-RB,rbred00s,0,0,0
SLPP-RSTO,rstoblack00l,0,0,0
SLPP-RSTO,rstoblack00m,0,0,0
SLPP-RSTO,rstoblack00s,6,0,0
SLPP-RSTO,rstopink00l,0,0,0
SLPP-RSTO,rstopink00m,6,0,0
SLPP-RSTO,rstopink00s,11,0,0
SLPP-RSTO,rstopurple00l,0,0,0
SLPP-RSTO,rstopurple00m,0,0,0
SLPP-RSTO,rstopurple00s,15,0,0
SLPP-RSTO,rstowhite00l,0,0,0
SLPP-RSTO,rstowhite00m,8,0,0
SLPP-RSTO,rstowhite00s,25,0,0
q1178890,,0,0,0
yy-110,a1179710,62,0,0
yy-110,a1179880,14,0,0
a1180220,,34,0,0
2tenginecrane001,z0976620,34,0,0
2tenginecrane001,z0976550,45,0,0
a1180910,,181,0,0
x1179020,,105,0,0
a1180390,,80,0,0
l1179570,,300,0,0
yy-rca,Z1181380,58,0,0
yy-rca,Z1181520,112,0,0
yy-rca,Z1181760,35,0,0
yy-rca,Z1181830,4,0,0
yy-rca,Z1181900,4,0,0
t1182060,,548,0,0
q1180530,,0,0,0
x1178720,,11,0,0
pool210-30m,z1182750,61,0,0
pool210-30m,z1182820,30,0,0
N1123960,,0,0,0
YY-F410,X1184730,6,0,0
YY-F410,X1184800,21,0,0
x1184660,,41,0,0
yy-45,X1184280,9,0,0
yy-45,X1184350,16,0,0
yy-45,X1184420,58,0,0
yy-45,X1184590,15,0,0
a1184970,,353,0,0
Z1185270,,4,0,0
Z1185100,,32,0,0
3-12v,l1185410,192,0,0
3-12v,l1185580,97,0,0
l1185650,,87,0,0
8-12V,l1185720,97,0,0
8-12V,l1185890,40,0,0
C1180460,,34,0,0
A1179260,,16,0,0
X1186640,,0,0,0
st-ea52-set-d040-e100,,9,0,0
X1186400,,105,0,0
Z1176360,,2,0,0
Z1176430,,5,0,0
sns-c1,L1174211,0,0,0
sns-c1,L1174212,0,0,0
sns-c1,L1174210,0,0,0
tubelight-10m,set-tub-mx10m-dcb,29,0,0
tubelight-10m,set-tub-pk10m-dcb,0,0,0
tubelight-10m,set-tub-wh10m-dcb,1,0,0
tubelight-10m,set-tub-gr10m-dcb,0,0,0
tubelight-10m,set-tub-re10m-dcb,0,0,0
tubelight-10m,set-tub-bl10m-dcb,29,0,0
tubelight-10m,set-tub-ye10m-dcb,29,0,0
tubelight-10m,set-tub-pl10m-dcb,0,0,0
a1189160,,64,0,0
hot-car-sheet,l1188240,44,0,0
hot-car-sheet,l1188620,0,0,0
hot-car-sheet,l1189090,45,0,0
hot-car-sheet,l1188790,10,0,0
hot-car-sheet-twin,l1188310,47,0,0
hot-car-sheet-twin,l1188480,61,0,0
hot-car-sheet-twin,l1178030,0,0,0
hot-car-sheet-twin,l1188860,66,0,0
hot-car-sheet-rear,l1188170,97,0,0
hot-car-sheet-rear,l1188550,84,0,0
hot-car-sheet-rear,l1178650,161,0,0
hot-car-sheet-rear,l1188930,96,0,0
z1181140,,41,0,0
z1181210,,0,0,0
x1184040,,337,0,0
l1187180,,39,0,0
st100nw-12,l1183120,10,0,0
st100nw-12,l1183290,50,0,0
st100nw-12,l1183360,11,0,0
st100nw-12,l1183430,10,0,0
st100nw-12,l1183500,19,0,0
st100nw-12,l1183670,10,0,0
st100nw-5,l1183740,15,0,0
st100nw-5,l1183810,20,0,0
st100nw-5,l1186020,14,0,0
st100nw-5,l1186190,15,0,0
st100nw-5,l1186260,20,0,0
st100nw-5,l1186330,14,0,0
z1187700,,91,0,0
cl-s118,a1166220,0,0,0
cl-s118,a1166390,181,0,0
cl-s118,a1166460,7,0,0
a1189470,,118,0,0
z1175510,,9,0,0
n1187010,,28,0,0
z1189850,,84,0,0
z1189610,,20,0,0
z1189780,,47,0,0
X1186710,,28,0,0
t886,n1187560,52,0,0
t886,n1187630,36,0,0
spacer-a-69,,0,0,0
Z1031410,,24,0,0
dl0620,z0978460,11,0,0
dl0620,z1031410,24,0,0
